SID,SMILES,-log10(Carcinogenicity-Mouse_(TD50) [mmol/kg-bw/day])
48413127,C1=CC=C2C(=C1)C3=C(N2)N=C(C=C3)N,0.5654310959658013
48413130,CC=NN(C)C=O,1.6003262785189618
48413132,CC(=O)N,-1.7075701760979363
48413133,CC(=O)NC1=CC=C(C=C1)O,-1.0293837776852097
48413139,CC(=O)NNC1=CC=C(C=C1)CO,-0.12710479836480765
48413140,CC(=O)NNC(=O)C1=CC=NC=C1,-0.2648178230095365
48413142,CC(=O)NNC1=CC=CC=C1,0.4672456210075022
48413145,CC(=O)NC1=CC2=C(C=C1)C3=CC=CC=C3C2,1.4685210829577449
48413149,C1=CC(=C(C=C1C(F)(F)F)Cl)OC2=CC(=C(C=C2)[N+](=O)[O-])C(=O)O,0.4089353929735008
48413156,C=CC#N,0.9244530386074693
48413160,C1=COC(=C1)C(=CC2=CC=C(O2)[N+](=O)[O-])C(=O)N,0.27736607746618774
48413167,C1C2C=CC1C3C2C4(C(=C(C3(C4(Cl)Cl)Cl)Cl)Cl)Cl,2.4584207560534193
48413173,C=CCOCC1CO1,-0.2013971243204515
48413175,CC(C)CC(=O)OCC=C,0.3545777306509081
48413177,C=CCNN.Cl,0.5016894462103995
48413179,C1=CC=C2C(=C1)C(=O)C3=C(C2=O)C(=C(C=C3Br)Br)N,-0.09691001300805642
48413180,CCOC1=C(C=C(C=C1)NC(=O)C)N,-1.0293837776852097
48413181,CCN1C2=C(C=C(C=C2)N)C3=CC=CC=C31.Cl,0.8068754016455384
48413184,CC1=C(C2=C(C=C1)C(=O)C3=CC=CC=C3C2=O)N,0.13489602535887207
48413187,C1=C(OC(=C1)[N+](=O)[O-])C2=CSC(=N2)N,1.4282911681913124
48413188,C1=C(OC(=C1)[N+](=O)[O-])C=CC2=NOC(=N2)N,0.29756946355447467
48413192,C1=CC(=CC=C1C2=CSC(=N2)N)[N+](=O)[O-],1.3467874862246563
48413195,C1=CC=C2C(=C1)C(=O)C3=C(C2=O)C=C(C=C3)N,-0.7267272090265723
48413198,C1=CC=C(C=C1)C2=CC=C(C=C2)N,1.9065783148377649
48413200,C1=CC=C2C(=C1)C3=C(O2)C=CC(=C3)N,1.6363880201078558
48413203,C1=NNC(=N1)N,0.5214335044061567
48413219,COC1=CC=CC=C1N.Cl,-0.7817553746524689
48413224,CC(COC1=CC=C(C=C1)C(C)(C)C)OS(=O)OCCCl,0.32605800136591223
48413225,CN1CCC=C(C1)C(=O)OC.Cl,0.6861327796308466
48413243,CN(C)C1=CC=C(C=C1)C(=N)C2=CC=C(C=C2)N(C)C.Cl,0.6861327796308466
48413245,C1=NC(=NC(=O)N1C2C(C(C(O2)CO)O)O)N,3.4989407377822483
48413248,CN1C=NC(=C1SC2=NC=NC3=C2NC=N3)[N+](=O)[O-],1.4921441283041692
48413256,CC1=CN(C(=O)NC1=O)C2CC(C(O2)CO)N=[N+]=[N-],-0.04532297878665747
48413263,C1=CC=C(C=C1)C=O,-1.146128035678238
48413264,C1=CC=CC=C1,0.0034883278458213473
48413265,C1=CC=C(C=C1)[N+]#N.OS(=O)(=O)[O-],1.1475200063631437
48413267,C1=CC(=CC=C1C2=CC=C(C=C2)N)N,0.9665762445130504
48413268,C1=CC(=CC=C1C2=CC=C(C=C2)N)N.Cl.Cl,1.1157712303673961
48413269,C1=CC=C2C3=C4C(=CC2=C1)C=CC5=C4C(=CC=C5)C=C3,1.8601209135987635
48413271,C1=CC=C2C(=C1)C=CO2,0.6736641390712486
48413275,C1=CC(=O)C=CC1=O,1.3288271572849168
48413278,C1=CC=C(C=C1)C(Cl)(Cl)Cl,2.692503962086787
48413279,C1=CC=C(C=C1)C(=O)NN,1.1524273408578878
48413280,CC(=O)OCC1=CC=CC=C1,-0.9818186071706636
48413282,C1=CC=C(C=C1)CCl,0.3133637307377066
48413283,C1=CC=C(C=C1)CC2=C(C=CC(=C2)Cl)O,-0.7902851640332417
48413286,C1=CC=C(C=C1)CNN.Cl.Cl,0.3595185630295782
48413287,C1=CC=C(C=C1)C[N+]2=NOC(=C2CC(=O)N)[O-],1.359518563029578
48413291,CC(C)(CCCOC1=CC(=C(C=C1)OCCCC(C)(C)C(=O)O)C2=CC=CC=C2)C(=O)O,0.9030899869919435
48413292,C1=CC=C(C=C1)C2=CC=CC=C2N.Cl,-0.7363965022766424
48413293,C(C(CO)(CBr)CBr)O,0.2814983111327258
48413296,CC(CCl)OC(C)CCl,-0.04921802267018165
48413297,C(CCl)OCCCl,1.087246696328677
48413299,C(COCCl)OCCl,1.5361070110140926
48413301,C1=CC(=CC=C1COCCl)COCCl,1.8794260687941502
48413302,C(OCCl)Cl,2.8013429130455774
48413307,C(CO)N(CCO)C(=S)[S-].[K+],0.7644715530924511
48413313,C1=CC=C(C=C1)NN=C2C(=CC3=CC(=C(C(=C3C2=O)N)N=NC4=CC=C(C=C4)C5=CC=C(C=C5)N=NC6=C(C=C(C=C6)N)N)S(=O)(=O)[O-])S(=O)(=O)[O-].[Na+].[Na+],1.0381045263321496
48413316,C1=CC(=C(C=C1C2=CC(=C(C=C2)NN=C3C(=CC4=CC(=CC(=C4C3=O)N)S(=O)(=O)[O-])S(=O)(=O)[O-])O)O)NN=C5C(=CC6=CC(=CC(=C6C5=O)N)S(=O)(=O)[O-])S(=O)(=O)[O-].[Na+].[Na+].[Na+].[Na+].[Cu].[Cu],0.10347378251044466
48413320,CNC1=C(C=C(C=C1)N(CCO)CCO)[N+](=O)[O-],0.4710832997223452
48413320,CNC1=C(C=C(C=C1)N(CCO)CCO)[N+](=O)[O-],0.4710832997223452
48413325,[O-]Br(=O)=O.[K+],0.4921441283041691
48413328,C(Cl)(Cl)Br,0.5361070110140927
48413329,CCBr,-0.6910814921229684
48413330,C(CBr)O,0.21538270736712464
48413333,C=CC=C,0.5900668766687054
48413334,CCCCOCCO,-1.1613680022349748
48413335,CC(C)(C)O,-2.469822015978163
48413339,CCCCN(C=O)N,0.7798919119599449
48413346,CC(C)(C)C1=C(C=CC(=C1)OC)O,-1.4871383754771865
48413347,CC1=CC(=C(C(=C1)C(C)(C)C)O)C(C)(C)C,-0.4712917110589386
48413348,CCCCN(CCCC)N,0.5044556624535516
48413349,CCCCNN.Cl,1.012780770091995
48413350,CCCCNNCCCC.Cl.Cl,0.6716203965612623
48413363,C1=CC(=C(C=C1C=CC(=O)O)O)O,-1.4345689040341987
48413373,CC(C)C=CCCCCC(=O)NCC1=CC(=C(C=C1)O)OC,0.2620126736665692
48413374,C1C=CCC2C1C(=O)N(C2=O)SC(C(Cl)Cl)(Cl)Cl,0.2924298239020636
48413375,C1C=CCC2C1C(=O)N(C2=O)SC(Cl)(Cl)Cl,-0.8463371121298052
48413376,C(=O)(N)NN.Cl,-0.3010299956639812
48413377,C1=CC=C(C=C1)NNC(=O)N,-0.03742649794062367
48413380,C1=CC=C2C(=C1)C3=CC=CC=C3N2,0.008330992620051499
48413382,C(Cl)(Cl)(Cl)Cl,0.6615435063953952
48413390,C1=CC=C(C(=C1)O)O,-0.3463529744506387
48413395,C(C(Cl)(Cl)Cl)(O)O,0.2189630613788682
48413396,C1=C(C=C(C(=C1N)Cl)C(=O)O)Cl,-1.404833716619938
48413397,C1=CC(=CC=C1CCCC(=O)O)N(CCCl)CCCl,3.359518563029578
48413401,C1C2C(C(C1Cl)Cl)C3(C(=C(C2(C3(Cl)Cl)Cl)Cl)Cl)Cl,2.4762535331884354
48413402,C1(C(C2(C(=C(C1(C2(Cl)Cl)Cl)Cl)Cl)Cl)C(=O)O)C(=O)O,0.4400933749638875
48413404,CCCC(CCC(CCC(CCC(CCC(CCC(CCC(C)Cl)Cl)Cl)Cl)Cl)Cl)Cl,-1.0644579892269186
48413409,C1=CC(=CC=C1N)OC2=CC=C(C=C2)Cl,-0.19865708695442263
48413413,CC(=C)CCl,-1.041392685158225
48413413,CC(=C)CCl,-1.041392685158225
48413415,C1=CC=C(C(=C1)[N+](=O)[O-])Cl,0.0017406615763012698
48413416,C1=CC(=CC=C1[N+](=O)[O-])Cl,-0.47712125471966244
48413417,C1=CC(=C(C=C1N)N)Cl,-0.9360107957152096
48413418,C1=CC(=C(C=C1Cl)N)N,-0.9731278535996987
48413422,CC1=C(C=C(C=C1)Cl)N,-0.13987908640123647
48413423,CC1=C(C=CC(=C1)Cl)N.Cl,0.8386319977650252
48413425,CC1=C(C(=CC=C1)NC2=CC(=NC(=N2)SCC(=O)O)Cl)C,1.4762535331884354
48413426,CC1=C(C(=CC=C1)NC2=CC(=NC(=N2)SCC(=O)NCCO)Cl)C,0.9136401693252518
48413427,C(C=O)Cl,0.3372421683184259
48413431,C1=CC(=CC=C1N)Cl.Cl,0.2628073572952627
48413434,CCOC(=O)C(C1=CC=C(C=C1)Cl)(C2=CC=C(C=C2)Cl)O,0.5391021572434522
48413435,C(Cl)(Br)Br,0.175874166083451
48413437,CCCl,-1.4487063199050798
48413441,C(Cl)(Cl)Cl,0.031517051446064856
48413444,C1=CC(=CN=C1)CCl.Cl,-0.146128035678238
48413451,C=CC(=C)Cl,1.034798298974088
48413453,CC(C=O)Cl,0.8569851997459049
48413454,CC=CCl,1.1804560644581312
48413465,C1=CC2=C(C(=C1)O)C(=O)C3=C(C2=O)C=CC=C3O,0.07727454200674003
48413468,C1=CC=C(C=C1)C=CCOC(=O)C2=CC=CC=C2N,-1.0086001717619175
48413469,CC(C)(C(=O)O)OC1=CC=C(C=C1)C2CC2(Cl)Cl,1.6695862266508092
48413474,CC(C)(C(=O)O)OCC1=CC=C(C=C1)C2=CC=C(C=C2)Cl,0.2967086218813386
48413479,O.O.O.O.O.O.O.[O-]S(=O)(=O)[O-].[Co+2],2.570247719997592
48413483,CCCC1=C(C=CC(=C1O)C(=O)C)OCCCCC2=NNN=N2,0.45345733652186904
48413487,C1=CC=C2C(=C1)C=CC(=O)O2,0.1518108830086013
48413489,CC1=CC(=C(C=C1)OC)N,0.40230481407448765
48413491,C1=CC=C(C=C1)N(N=O)[O-].[NH4+],-0.5763413502057928
48413495,C1CCC(CC1)NS(=O)(=O)[O-].[Na+],-0.5198279937757188
48413496,CCC1C(=O)NC(C(=O)NC(CC(=O)NC(C(=O)N2CC(C(C2C(=O)N1)Cl)Cl)CO)C3=CC=CC=C3)CO,1.3851027839668655
48413505,C1CNP(=O)(OC1)N(CCCl)CCCl,1.6420651529995463
48413507,CC(=O)C1(CCC2C1(CCC3C2C=C(C4=CC(=O)C5CC5C34C)Cl)C)OC(=O)C,1.2798406965940432
48413510,CN(C)NN=C1C(=NC=N1)C(=O)N,2.275724130399211
48413511,CN(C)NC(=O)CCC(=O)O,-0.8082109729242221
48413514,C1=CC(=CC=C1C(C2=CC=C(C=C2)Cl)C(Cl)Cl)Cl,1.0181813928293364
48413515,C1=CC(=CC=C1C(=C(Cl)Cl)C2=CC=C(C=C2)Cl)Cl,1.4056074496245734
48413516,C1=CC(=CC=C1C(C2=CC=C(C=C2)Cl)C(Cl)(Cl)Cl)Cl,1.442492798094342
48413533,CC(C)N(C(C)C)C(=O)SCC(=CCl)Cl,1.005243055412372
48413535,C=CCN(CC=C)N,0.5783960731301689
48413536,C=CCNNCC=C.Cl.Cl,0.7375489102695705
48413540,COC1=C(C=C(C=C1)N)N.OS(=O)(=O)O,-0.5831987739686227
48413543,C1=CC(=C(C=C1N)N)O.Cl.Cl,0.1390633792999063
48413544,CC1=C(C=C(C=C1)N)N,0.6595558851598816
48413545,CC1=C(C=C(C=C1)N)N.Cl.Cl,-0.01703333929878037
48413551,C1=CC=C2C(=C1)C=CC3=CC4=C(C=CC5=CC=CC=C54)C=C32,1.6757175447023074
48413555,C(C(CBr)Br)Cl,1.9393021596463882
48413556,C(C(C(C(C(CBr)O)O)O)O)Br,1.4473317838878068
48413557,C(CBr)Br,1.401209493236885
48413558,C(C(C(C(C(CBr)O)O)O)O)Br,1.3151546383555874
48413562,CC(C)(C#C)NC(=O)C1=CC(=CC(=C1)Cl)Cl,0.2620126736665692
48413569,C1=C(C=C(C(=C1Cl)N)Cl)N,-0.6570558528571039
48413570,C(C(=O)O)(Cl)Cl,0.03479829897408793
48413571,C(#CCl)Cl,2.218244625347531
48413573,C1=CC(=CC=C1Cl)Cl,-0.3424226808222063
48413575,C1=CC(=C(C=C1C2=CC(=C(C=C2)N)Cl)Cl)N.Cl.Cl,1.4236586497942072
48413577,C(C=CCCl)Cl,1.9136401693252518
48413582,C(CCl)Cl,-0.14301480025409505
48413592,CC(CCl)Cl,-0.3873898263387294
48413593,COP(=O)(OC)OC=C(Cl)Cl,0.4962093169428189
48413595,C1=CC(=CC=C1C(C2=CC=C(C=C2)Cl)(C(Cl)(Cl)Cl)O)Cl,1.0515870342213989
48413598,C1C2C3C(C1C4C2O4)C5(C(=C(C3(C5(Cl)Cl)Cl)Cl)Cl)Cl,2.621602099051862
48413611,CCC(=C(CC)C1=CC=C(C=C1)O)C2=CC=C(C=C2)O,3.835647144215563
48413614,C(=O)NNC=O,-0.8802417758954804
48413615,C1C2=CC=CC=C2C(=O)N3N1C(=O)C4=CC=CC=C4C3,-0.5145477526602861
48413616,C1C(O1)COC2=CC(=CC=C2)OCC3CO3,0.9625735020593764
48413620,C1CC(=O)OC2=CC=CC=C21,-0.6884198220027106
48413621,CCCC1=CC2=C(C=C1)OCO2,0.11861534322942716
48413622,C1=CC(=C(C=C1C2=CC(=C(C=C2)N)O)O)N.Cl.Cl,-0.08635983067474821
48413630,COC1=CC(=C(C=C1)OC)C=CC2=CC=C(C=C2)N,0.42481215507233894
48413633,COC1=C(C=CC(=C1)C2=CC(=C(C=C2)N)OC)N.Cl.Cl,0.632644078973981
48413659,CC1=C2C=CC3=CC=CC=C3C2=C(C4=CC=CC=C14)C,3.484126156288321
48413660,CC1=C(C=CC(=C1)C2=CC(=C(C=C2)N)C)N.Cl.Cl,1.0
48413661,CN(C)C(=O)Cl,1.30189945437661
48413665,CN(C)N,1.1811145854059901
48413666,CNNC.Cl.Cl,3.067019178076802
48413670,CC(=CCl)C,0.7825160557860937
48413678,C1CN(CCN1N=O)N=O,1.6020599913279623
48413681,CC1=C(C=C(C=C1)[N+](=O)[O-])[N+](=O)[O-],0.7931741239681502
48413681,CC1=C(C=C(C=C1)[N+](=O)[O-])[N+](=O)[O-],0.7931741239681502
48413684,C1COCCO1,-0.3654879848908996
48413692,C1=CC=C(C=C1)C2(C(=O)NC(=O)N2)C3=CC=CC=C3,0.6307841425898572
48413695,CC1=C(C(=O)N(N1C)C2=CC=CC=C2)N(C)CS(=O)(=O)[O-].[Na+],-0.2764618041732441
48413704,CC(C1=CC=CC=C1)(C2=CC=CC=N2)OCCN(C)C.C(CC(=O)O)C(=O)O,0.2692177243336108
48413705,CC(C1CCC2(C1(CCC3C2=CC(=O)C4C3(CC(C(C4)O)O)C)C)O)C(CCC(C)(C)O)O,4.113509274827518
48413729,CC12CCC3C(C1CCC2OC(=O)CC4=CC=C(C=C4)N(CCCl)CCCl)CCC5=C3C=CC(=C5)OC(=O)CC6=CC=C(C=C6)N(CCCl)CCCl,2.7351821769904636
48413730,COC1=CC=C(C=C1)CC=C,0.4559319556497244
48413732,CCC1=NC=CC(=C1)C(=S)N,0.3798639450262425
48413734,CCSCCC(C(=O)O)N,0.3595185630295782
48413736,CCOC1=CC=CC=C1C(=O)N,-0.4927603890268375
48413738,CCOC(=O)C=C,-0.5105450102066121
48413745,CCN(C=O)N,1.4975728800155674
48413747,CCN(C(=N[N+](=O)[O-])N)N=O,1.75448733218585
48413751,CCC1=CC=CC=C1,-1.1789769472931695
48413754,C1CN1,2.057991946977687
48413755,C1CO1,-0.16136800223497488
48413756,C1CNC(=S)N1,0.638272163982407
48413760,CCCCC(CC)CO,-1.110589710299249
48413761,CCCCC(CC)COC(=O)CCCCC(=O)OCC(CC)CCCC,-1.021189299069938
48413762,CCCCC(CC)COC(=O)C1=CC=CC=C1C(=O)OCC(CC)CCCC,-0.2528530309798932
48413763,CCNN.Cl,1.1681302257194983
48413768,CCS(=O)(=O)C1=CC=C(C2=CC=CC=C21)S(=O)(=O)N,1.1518108830086013
48413780,CC12CCC3C(C1CCC2C(=O)NC(C)(C)C)CCC4C3(C=CC(=O)N4)C,0.057991946977686754
48413786,C1=CC(=CC=C1C2=CC=C(C=C2)F)N,2.215382707367125
48413789,C1=C(C(=O)NC(=O)N1)F,1.6420651529995463
48413792,C=O,-0.1643528557844371
48413795,C1=C(OC(=C1)[N+](=O)[O-])C2=CSC(=N2)NNC=O,1.3716110699496884
48413797,C(=O)NN,0.2175273758337138
48413799,CCCCC(C)C(C(CC(C)CC(CCCCC(CC(C(C)N)O)O)O)OC(=O)CC(CC(=O)O)C(=O)O)OC(=O)CC(CC(=O)O)C(=O)O,2.026410376572743
48413801,C1=COC=C1,1.3979400086720375
48413802,C1=COC(=C1)C=O,-0.31175386105575426
48413803,C1=COC(=C1)CO,-0.42813479402878885
48413804,C1=COC(=C1)CNC2=CC(=C(C=C2C(=O)O)S(=O)(=O)N)Cl,-0.3443922736851107
48413809,CN(C)C1=CC=C(C=C1)C(=C2C=CC(=[N+](C)C)C=C2)C3=CC=C(C=C3)N(C)C.[Cl-],0.6536470255493614
48413813,CC1=CC=CN2C1=NC3=C2N=C(C=C3)N,1.5654310959658013
48413814,C1=CC2=NC3=C(N2C=C1)N=C(C=C3)N,1.0609802235513335
48413816,C1=CC(=CC=C1C(=O)O)NNC(=O)CCC(C(=O)O)N,0.006563769502388274
48413823,C1C(O1)CO,0.32975414692587596
48413831,CC1CC(=O)C=C(C12C(=O)C3=C(O2)C(=C(C=C3OC)OC)Cl)OC,1.4078232426041333
48413834,C1=C2C(=C(C(=C1Cl)Cl)Cl)OC3=C(C(=C(C=C3O2)Cl)Cl)Cl,5.436518914605589
48413836,C1=CC(C2C1C3(C(=C(C2(C3(Cl)Cl)Cl)Cl)Cl)Cl)Cl,2.489454989793388
48413839,C1(=C(C(=C(C(=C1Cl)Cl)Cl)Cl)Cl)Cl,0.640164517660112
48413841,C1(C(C(C(C(C1Cl)Cl)Cl)Cl)Cl)Cl,1.6420651529995463
48413841,C1(C(C(C(C(C1Cl)Cl)Cl)Cl)Cl)Cl,1.6420651529995463
48413841,C1(C(C(C(C(C1Cl)Cl)Cl)Cl)Cl)Cl,1.6420651529995463
48413841,C1(C(C(C(C(C1Cl)Cl)Cl)Cl)Cl)Cl,1.6420651529995463
48413846,C(C(Cl)(Cl)Cl)(Cl)(Cl)Cl,-0.1553360374650618
48413848,CC=CC=CC=O,-0.26245108973042947
48413853,CCCCCC=NN(C)C=O,1.826813731587726
48413854,CCCCCC(=O)N,-1.2278867046136734
48413855,CCCCCC,-2.546542663478131
48413861,NN,1.0390538042661686
48413862,NN.OS(=O)(=O)O,1.234331445240986
48413863,C1=CC(=CC=C1C2=CSC(=N2)NN)N,1.2612194415156308
48413864,C1=C(OC(=C1)[N+](=O)[O-])C2=CSC(=N2)NN,1.1396619934290064
48413865,C1=CC(=CC=C1C2=CSC(=N2)NN)[N+](=O)[O-],1.3477536589966768
48413868,C1=CC(=CC=C1C(=O)O)NN.Cl,-0.4727564493172124
48413869,C1=CC=C(C=C1)NNC2=CC=CC=C2,0.8507808873446201
48413874,OO,-2.346352974450639
48413875,C1=CC(=CC=C1O)O,-0.3096301674258988
48413878,CC(=O)N(C1=CC2=C(C=C1)C3=CC=CC=C3C2)O,1.585026652029182
48413882,COC1=CC=C(C=C1)C(C=C)O,0.45345733652186904
48413885,C(CO)N(C(=O)N)N=O,2.211124884224583
48413887,C(CO)NN,2.282329496997738
48413890,C=CC(C1=CC2=C(C=C1)OCO2)O,0.3979400086720376
48413892,CC(CN1CC(=O)NC(=O)C1)N2CC(=O)NC(=O)C2,1.0540392964224314
48413893,C1=CN(N=C1NC(=NCC(F)(F)F)N)CCCCC(=O)N,-0.2648178230095365
48413900,CC(C1OCC(O1)CO)I,0.27164621797877153
48413904,CN1C2=C(C3=C(C=C2)N=CC=C3)N=C1N,1.0048037084028205
48413910,CC(C)CON=O,-0.47856649559384334
48413916,C1=CN=CC=C1C(=O)NN,0.7033348097384688
48413919,COC1=CC(=CNNC(=O)C2=CC=NC=C2)C=CC1=O,0.9956786262173574
48413921,C1CN(P(=O)(OC1)NCCCl)CCCl,1.712198270069774
48413922,CC(=C)C=C,-0.60422605308447
48413933,C1(=O)C2(C3(C4(C1(C5(C2(C3(C(C45Cl)(Cl)Cl)Cl)Cl)Cl)Cl)Cl)Cl)Cl,2.6989700043360187
48413935,C1=C(OC=C(C1=O)O)CO,-0.6655809910179531
48413938,CC(=O)O[Pb]OC(=O)C.O.O.O.O.[Pb].[Pb],0.2335871528876005
48413940,CC(C)CC(C(=O)NC(CC(C)C)C(=O)NC(CCCN=C(N)N)C=O)NC(=O)C,0.8827287043442358
48413948,CCC(C)C(=O)OC1CC(C=C2C1C(C(C=C2)C)CCC3CC(CC(=O)O3)O)C,-0.10380372095595687
48413951,CC1=CC(=C2C(=C1O)C(=O)C34C5C6C(C3C(=O)C7=C(C8=C(C=C(C(=C8C(=O)C67C(C5O)C(=O)C4=C2O)O)C)O)O)O)O,1.489454989793388
48413957,C(=C[O-])C=O.[Na+],0.8239087409443188
48413963,CC1=C(N=C2C(=C1)C3=CC=CC=C3N2)[NH3+].CC(=O)[O-],1.0639892042847905
48413964,CC1=CC2=C(C=CC=N2)C3=C1N(C(=N3)N)C,1.136677139879544
48413965,CC1=CN=C2C=CC3=C(C2=N1)N=C(N3C)N,0.9430951486635274
48413968,C1=CC(=CC=C1CC(C(=O)O)N)N(CCCl)CCCl,3.3089185078770313
48413977,C[Hg]Cl,2.238072161579471
48413984,COC1=NN(C(=O)S1)CSP(=S)(OC)OC,1.6989700043360187
48413989,COC1=C(C=CC(=C1)N=NC2=CC=CC=C2)N,0.5767541260631921
48413998,CC(C)(C)OC,-1.8709888137605752
48414002,CC(C)(C(=O)OC)OC1=CC=C(C=C1)C2=CC=C(C=C2)Cl,2.0840727883028842
48414003,CN1C=C(C(=O)C2=C1N=C(C=C2)C=CC3=CC=C(O3)[N+](=O)[O-])C(=O)[O-].[K+],1.6736641390712486
48414006,CN(C=O)N,1.7328282715969863
48414011,COS(=O)(=O)C,0.5391021572434522
48414012,CN(C(=N[N+](=O)[O-])N)N=O,1.8601209135987635
48414013,CC1=C(C2=C(C=C1)C(=O)C3=CC=CC=C3C2=O)[N+](=O)[O-],2.2335871528876003
48414022,CN1CCCC1=O,-1.3159703454569178
48414026,CC(C)CC=NN(C)C=O,1.8041003475907664
48414032,C1=CC(=C(C=C1CC2=CC(=C(C=C2)N)Cl)Cl)N.Cl.Cl,0.707743928643524
48414034,C(Cl)Cl,-1.1139433523068367
48414035,CN(C)C1=CC=C(C=C1)CC2=CC=C(C=C2)N(C)C,0.08937559511079879
48414037,C1=CC(=CC=C1CC2=CC=C(C=C2)N)N.Cl.Cl,0.9244530386074693
48414038,CCC(=NO)C,-0.787460474518415
48414039,COC1=C(C=C(C=C1)CC=C)OC,0.9665762445130504
48414042,CNN,0.785156151952302
48414043,CN[NH3+].OS(=O)(=O)[O-],1.723538195826756
48414045,CC1=NC=CN1,-0.9786369483844743
48414051,CN(C1=NC=NC2=C1NC=N2)N=O,0.9956786262173574
48414052,CN(C1=NC=NC2=C1N=CN2C3C(C(C(O3)CO)O)O)N=O,1.2291479883578558
48414054,C=CC(=O)NCO,0.5800442515102421
48414055,COC(=O)C(C1CCCCN1)C2=CC=CC=C2.Cl,0.43062609038495414
48414062,CC1=NC=C(N1CCO)[N+](=O)[O-],-0.4712917110589386
48414064,CN(C)C1=CC=C(C=C1)C(=O)C2=CC=C(C=C2)N(C)C,0.5044556624535516
48414065,C12(C3(C4(C5(C3(C(C1(C5(C2(C4(Cl)Cl)Cl)Cl)Cl)(Cl)Cl)Cl)Cl)Cl)Cl)Cl,2.575118363368933
48414069,O=[Mo](=O)=O,1.3705904008972811
48414070,CC(=O)NN,0.8761483590329142
48414084,C1=CC=C2C=CC=CC2=C1,-0.10380372095595687
48414087,C1=CC2=C(C=CC=C2N)C(=C1)N,-0.008600171761917567
48414091,C1=CC=C2C(=C1)C=CC=C2N,0.3279021420642826
48414092,C1=CC=C2C=C(C=CC2=C1)N,0.5606673061697374
48414104,C1=CC(=CN=C1)C(=O)NN,-0.22010808804005508
48414107,CCNC(=O)NC1=NC=C(S1)[N+](=O)[O-],-0.5453071164658241
48414110,C(C(=O)O)N(CC(=O)O)CC(=O)O,-1.1430148002540952
48414113,CCOC1=C(C=C(C=C1)NC(=O)C)[N+](=O)[O-],-1.0043213737826426
48414114,COC1=C(C=C(C=C1)[N+](=O)[O-])N,-1.3443922736851108
48414115,C1=C(OC(=C1)[N+](=O)[O-])C=NNC(=O)N,0.8096683018297085
48414118,C1=CC2=NC=C(N2C=C1)C3=CC=C(O3)[N+](=O)[O-],0.9281179926938746
48414121,CC(=O)NC1=NN=C(S1)C2=CC=C(O2)[N+](=O)[O-],1.576754126063192
48414124,C1=C(OC(=C1)[N+](=O)[O-])C2=CSC(=N2)NC=O,1.0840727883028842
48414126,CCC=C(CC)[N+](=O)[O-],2.571865205971211
48414128,C1=CC(=C(C=C1N)[N+](=O)[O-])N,-0.6031443726201823
48414130,CC1=C(C=C(C=C1)[N+](=O)[O-])N,-0.2600713879850748
48414131,C1CC2=CC=CC3=C(C=CC1=C23)[N+](=O)[O-],0.638272163982407
48414133,COC1=CC=CC=C1[N+](=O)[O-],-0.06445798922691845
48414135,C1=CC=C(C=C1)[N+](=O)[O-],-0.38021124171160603
48414136,C1=CC2=C(C=C1[N+](=O)[O-])NC=N2,-0.35793484700045375
48414141,C1=CC(=CC=C1[N+](=O)[O-])OC2=C(C=C(C=C2)Cl)Cl,0.3925449767853314
48414143,C1C(=O)NC(=O)N1N=CC2=CC=C(O2)[N+](=O)[O-],-0.7693773260761385
48414148,C[N+](=O)[O-],-0.885361220031512
48414177,CN(C(=O)N)N=O,1.9244530386074692
48414197,CCCCN(CCCC)N=O,2.1617807780923743
48414200,CN(C)N=O,2.593459819566045
48414202,C1=CC=C(C=C1)NC2=CC=C(C=C2)N=O,-0.23552844690754893
48414211,C1CCCN(CC1)N=O,2.3851027839668655
48414233,C1CCN(CC1)N=O,1.9430951486635273
48414235,C1CCN(C1)N=O,2.1687703061329366
48414239,CC1=CC=CC=C1[N+](=O)[O-],0.030118356253500032
48414243,C1=C(C(=C(C(=C1Br)Br)Br)C2=C(C(=C(C(=C2Br)Br)Br)Br)Br)Br,2.378823718224965
48414248,CC1CC2=C(C=C(C(=C2C(=O)O1)O)C(=O)NC(CC3=CC=CC=C3)C(=O)O)Cl,1.7986028756795485
48414263,C1=CC=C(C=C1)C2=NC(C(=O)NC3=C2C=C(C=C3)Cl)O,0.9030899869919435
48414270,C1=CC(=CC=C1N)OC2=CC=C(C=C2)N,0.7746907182741372
48414275,[O-][O+]=O,1.4067139329795428
48414280,COC1=C(C(=C(C(=C1Cl)Cl)Cl)Cl)Cl,0.6143937264016879
48414281,C(C(Cl)(Cl)Cl)(Cl)Cl,0.5482135644757098
48414282,C1(=C(C(=C(C(=C1Cl)Cl)Cl)Cl)Cl)[N+](=O)[O-],0.6179829574251317
48414287,CCCCC=NN(C)C=O,1.6179829574251317
48414289,CCCCCNN.Cl,1.3736596326249577
48414293,CCOC1=CC=C(C=C1)NC(=O)C,-1.0755469613925308
48414295,C1=CC=C(C=C1)N=NC2=C(N=C(C=C2)N)N.Cl,0.5451551399914898
48414296,CC(C)CCCC(C)C1CCC2C1(CCC3C2CC=C4C3(CCC(C4)OC(=O)CC5=CC=C(C=C5)N(CCCl)CCCl)C)C,3.0199966284162536
48414299,CCC1(C(=O)NC(=O)NC1=O)C2=CC=CC=C2,1.4989407377822486
48414300,CCC1(C(=O)NC(=NC1=O)[O-])C2=CC=CC=C2.[Na+],0.9318141382538383
48414302,C1=CC=C2C(=C1)C(=O)OC2(C3=CC=C(C=C3)O)C4=CC=C(C=C4)O,-0.5658478186735176
48414304,CC(COC1=CC=CC=C1)N(CCCl)CC2=CC=CC=C2.Cl,1.8013429130455774
48414310,C1=CC=C(C=C1)C(COC(=O)N)COC(=O)N,-1.4927603890268375
48414314,CCCCC1C(=O)N(N(C1=O)C2=CC=CC=C2)C3=CC=CC=C3,-0.05690485133647255
48414318,C1=CC=C(C(=C1)N)N.Cl.Cl,-0.608526033577194
48414322,C1=CC=C(C=C1)CCNN.OS(=O)(=O)O,1.2055119533408303
48414326,C1=CC=C(C=C1)NN.Cl,0.30715308072277
48414333,CN1C2=C(N=CC(=C2)C3=CC=CC=C3)N=C1N.Cl,0.8961962790440432
48414334,CC1C(C2(C(C2(C)C)C3C1(C4C=C(C(=O)C4(CC(=C3)CO)O)C)O)O)O,2.217527375833714
48414345,CCCCOCCOCCOCC1=CC2=C(C=C1CCC)OCO2,0.06550154875643228
48414345,CCCCOCCOCCOCC1=CC2=C(C=C1CCC)OCO2,0.06550154875643228
48414347,CCCCCCCCS(=O)C(C)CC1=CC2=C(C=C1)OCO2,0.7166987712964503
48414352,C1=C(C(=CC(=C1Br)Br)Br)C2=CC(=C(C=C2Br)Br)Br,3.2765443279648143
48414370,CCC1(C(=O)NCNC1=O)C2=CC=CC=C2,0.9208187539523752
48414371,CCCN(CCC)S(=O)(=O)C1=CC=C(C=C1)C(=O)O,-0.2764618041732441
48414373,CC(C)NC(=O)C1=CC=C(C=C1)CNNC.Cl,2.6655462488490693
48414380,C1COC1=O,1.764471553092451
48414383,CCCN(C=O)N,1.214670164989233
48414390,CC(COC(C)(C)C)O,-1.14921911265538
48414391,CC1CO1,-1.1958996524092338
48414392,CCCNN.Cl,0.38615817812393083
48414393,CCCC1=CC(=O)NC(=S)N1,-0.38021124171160603
48414400,C1=CC=NC=C1,0.5114492834995558
48414411,CC1=CC(=C(C=C1)NN=C2C(=O)C=CC3=CC=CC=C32)[N+](=O)[O-],-2.0644579892269186
48414413,CC1=CC(=C(C=C1)NN=C2C3=C(C=CC(=C3)S(=O)(=O)[O-])C=C(C2=O)S(=O)(=O)[O-])C.[Na+].[Na+],-0.17318626841227402
48414422,COC1C(CC2CN3CCC4=C(C3CC2C1C(=O)OC)NC5=C4C=CC(=C5)OC)OC(=O)C6=CC(=C(C(=C6)OC)OC)OC,2.083546051450075
48414429,CC=C1CC(=C)C(C(=O)OCC2=CCN3C2C(CC3)OC1=O)(CO)O,2.248720896016658
48414430,CC1C=CC=C(C(=O)NC2=C(C3=C(C(=C4C(=C3C(=O)C2=CNN5CCN(CC5)C)C(=O)C(O4)(OC=CC(C(C(C(C(C(C1O)C)O)C)OC(=O)C)C)OC)C)C)O)O)C,1.38933983691012
48414431,CCN1C2=C(C(=N1)C)NC(=O)CN=C2C3=CC=CC=C3,0.37161106994968846
48414433,C1=CC(=N)C=CC1=C(C2=CC=C(C=C2)N)C3=CC=C(C=C3)N.Cl,0.7986028756795485
48414440,C=CCC1=CC2=C(C=C1)OCO2,0.5003129173815961
48414442,C1=CC=NC(=C1)NS(=O)(=O)C2=CC=C(C=C2)NN=C3C=CC(=O)C(=C3)C(=O)O,-0.49692964807321494
48414447,CCN(CC)C(=S)S[Se](SC(=S)N(CC)CC)(SC(=S)N(CC)CC)SC(=S)N(CC)CC,2.653647025549361
48414450,S=[Se],0.204815410317576
48414453,C1OC2=C(O1)C=C(C=C2)O,-1.5118833609788744
48414466,COC1=C2C(=C3C4C=COC4OC3=C1)OC5=C(C2=O)C(=CC=C5)O,2.5528419686577806
48414469,CN(C(=O)NC1C(C(C(OC1O)CO)O)O)N=O,2.987162775294828
48414470,CC1(C(=C)C2(C(C1(C(C2(Cl)Cl)(Cl)Cl)Cl)Cl)Cl)C,2.630784142589857
48414471,C=CC1=CC=CC=C1,-0.3053513694466238
48414473,C1C(O1)C2=CC=CC=C2,0.00788851221305034
48414478,CCN(CC)C(=S)SCC(=C)Cl,0.7235381958267558
48414479,CC1=CC(=NC(=N1)NS(=O)(=O)C2=CC=C(C=C2)N)C,-0.7347998295888469
48414488,CC1=CC2C(CC1OC(=O)CC(C)C)(C3(C(C(C(C34CO4)O2)O)OC(=O)C)C)COC(=O)C,2.7235381958267557
48414491,CCC(=C(C1=CC=CC=C1)C2=CC=C(C=C2)OCCN(C)C)C3=CC=CC=C3.C(C(=O)O)C(CC(=O)O)(C(=O)O)O,2.1084625423274357
48414497,C(C=CCl)Cl,0.3496924768680635
48414497,C(C=CCl)Cl,0.3496924768680635
48414501,C1=CC(=C(C=C1C2=CC(=C(C=C2)N)N)N)N.Cl.Cl.Cl.Cl,0.09691001300805639
48414504,C1=C2C(=CC(=C1Cl)Cl)OC3=CC(=C(C=C3O2)Cl)Cl,6.314258261397736
48414506,C(C(Cl)(Cl)Cl)Cl,-0.03342375548694973
48414507,C(C(Cl)Cl)(Cl)Cl,0.6420651529995461
48414508,C(=C(Cl)Cl)(Cl)Cl,0.02090709936167361
48414509,COP(=O)(OC)OC(=CCl)C1=CC(=C(C=C1Cl)Cl)Cl,0.20551195334083036
48414512,C1(=C(C(=C(C(=C1F)F)F)N)F)N.Cl.Cl,0.4672456210075022
48414514,C(=C(F)F)(F)F,0.14327110961711742
48414517,C1CCOC1,-1.255272505103306
48414523,C([N+](=O)[O-])([N+](=O)[O-])([N+](=O)[O-])[N+](=O)[O-],2.2168113089247425
48414528,C1CN1P(=S)(N2CC2)N3CC3,2.9281179926938745
48414529,CC(=S)N,0.9318141382538383
48414533,C1=CC(=CC=C1N)SC2=CC=C(C=C2)N,0.8153085691824012
48414536,C1=CNC(=S)NC1=O,0.36754270781527576
48414546,CC1=CC(=C(C2=C1OC(CC2)(C)CCCC(C)CCCC(C)CCCC(C)C)C)O,-0.9375178920173467
48414550,CC1=C(C=C(C=C1)N=C=O)N=C=O,-0.15836249209524964
48414552,CC1=CC(=CC=C1)N.Cl,-1.0
48414553,CC1=CC=CC=C1N.Cl,-0.7671558660821804
48414554,CC1=CC=C(C=C1)N.Cl,0.23582386760966928
48414555,CC1=CC=C(C=C1)NC(=O)N,-0.1367205671564068
48414561,C1=CC(=CC=C1N)OC2=CC(=C(C=C2)N)N,1.2090115249111841
48414562,C1=CC=C(C=C1)C2=NC3=C(N=C2N)N=C(N=C3N)N,0.623423042943488
48414564,CCCCOP(=O)(OCCCC)OCCCC,-0.6242820958356683
48414568,C(=O)(C(Cl)(Cl)Cl)O,-0.5526682161121932
48414569,C1=C(C=C(C(=C1Cl)N)Cl)Cl,-0.1205739312058499
48414570,C(C(Cl)Cl)Cl,0.3851027839668654
48414572,C(=C(Cl)Cl)Cl,-1.0791812460476249
48414572,C(=C(Cl)Cl)Cl,-1.0791812460476249
48414575,C1=CC=C2C(=C1)C(=O)N(C2=O)SC(Cl)(Cl)Cl,-0.7185016888672743
48414576,C1=C(C=C(C(=C1Cl)O)Cl)Cl,-0.7339992865383869
48414580,C(C(CCl)Cl)Cl,2.2269453066357374
48414582,C(CO)N(CCO)CCO,0.17392519729917352
48414584,C1=C(OC(=C1)[N+](=O)[O-])C2=CSC(=N2)NC(=O)C(F)(F)F,1.4881166390211256
48414585,CCCN(CCC)C1=C(C=C(C=C1[N+](=O)[O-])C(F)(F)F)[N+](=O)[O-],0.007004901568658489
48414588,CC1=CC(=C(C=C1C)N)C,1.3439017979871681
48414589,CC1=CC(=C(C=C1C)N)C.Cl,0.5767541260631921
48414590,CC1=CC(=C(C(=C1)C)N)C.Cl,0.8416375079047503
48414593,COP(=O)(OC)OC,-0.3783979009481377
48414595,CC1=C(C(=C(C(=C1[N+](=O)[O-])C(C)(C)C)[N+](=O)[O-])C)[N+](=O)[O-],0.36957212497497616
48414601,C(CCl)OP(=O)(OCCCl)OCCCl,-0.5301996982030822
48414602,C(C(COCCl)OCCl)OCCl,1.8386319977650252
48414603,C(C(CBr)Br)OP(=O)(OCC(CBr)Br)OCC(CBr)Br,0.7375489102695705
48414605,CCCCC(CC)COP(=O)(OCC(CC)CCCC)OCC(CC)CCCC,-0.7701152947871016
48414608,CC1=C(N=C(C2=C1NC3=CC=CC=C32)C)N.CC(=O)O,0.8239087409443188
48414609,CC1=C2C3=CC=CC=C3NC2=CC(=N1)N.CC(=O)O,1.3098039199714864
48414616,C1=CNC(=O)NC1=O,-1.3891660843645326
48414619,CCOC(=O)N,0.721246399047171
48414623,CC(=O)OC=C,-1.6580113966571124
48414625,C=COC(=O)N,2.8477116556169433
48414626,C=CCl,0.4571745730408201
48414627,C=CF,0.7544873321858502
48414629,C=CC1CCC=CC1,0.00877392430750515
48414630,C=C(Cl)Cl,0.4473317838878068
48414641,CC1=CC(=C(C=C1)N)C.Cl,1.1040252676409354
48414642,CC1=CC(=C(C=C1)C)N.Cl,-0.5987905067631151
48414643,CC1=CC(=NNC2=CC=C(C=C2)NC(=O)C)C(=O)C=C1,-0.5786392099680724
48414647,C1=CC=C2C(=C1)C3=C4C(=CC=C5C4=C(C=C3)C(=O)C6=CC=CC=C65)C2=O,-1.515873843711679
48414653,CC1CCCC(=O)CCCC=CC2=CC(=CC(=C2C(=O)O1)O)O,0.9100948885606021
