SID,SMILES,-log10(Carcinogenicity-Rat_(TD50) [mmol/kg-bw/day])
48413129,CC=O,-0.5403294747908738
48413132,CC(=O)N,-0.4842998393467858
48413133,CC(=O)NC1=CC=C(C=C1)O,-0.5145477526602861
48413135,CC(=NNC1=NC=C(S1)C2=CC=C(O2)[N+](=O)[O-])C,1.6439741428068773
48413137,CC(=NO)C,0.7798919119599449
48413138,CC(=O)OC(C=C)C1=CC2=C(C=C1)OCO2,0.9430951486635274
48413143,CC(=O)NC1=CC=C(C=C1)C2=CC=CC=C2,2.252588192113577
48413145,CC(=O)NC1=CC2=C(C=C1)C3=CC=CC=C3C2,2.2628073572952627
48413153,CC1(C=CC2=C3C(=C(C=C2O1)OC)C(=O)C4=CC=CC=C4N3C)C,2.8041003475907664
48413154,C=CC(=O)N,1.2773660774661877
48413156,C=CC#N,0.4975728800155673
48413158,CC1C(C(=O)NC(C(=O)N2CCCC2C(=O)N(CC(=O)N(C(C(=O)O1)C(C)C)C)C)C(C)C)NC(=O)C3=C4C(=C(C=C3)C)OC5=C(C(=O)C(=C(C5=N4)C(=O)NC6C(OC(=O)C(N(C(=O)CN(C(=O)C7CCCN7C(=O)C(NC6=O)C(C)C)C)C)C(C)C)C)N)C,6.053547734986927
48413160,C1=COC(=C1)C(=CC2=CC=C(O2)[N+](=O)[O-])C(=O)N,0.9281179926938746
48413161,COC1=C2C3=C(C(CC3)O)C(=O)OC2=C4C5C=COC5OC4=C1,5.104577453960593
48413162,COC1=C2C3=C(C(=O)CC3)C(=O)OC2=C4C5C=COC5OC4=C1,4.991399828238082
48413174,C=CCN=C=S,0.014124642691606343
48413175,CC(C)CC(=O)OCC=C,0.06298389253518578
48413176,C=CCN(C(=O)N)N=O,2.578396073130169
48413179,C1=CC=C2C(=C1)C(=O)C3=C(C2=O)C(=C(C=C3Br)Br)N,0.9172146296835499
48413181,CCN1C2=C(C=C(C=C2)N)C3=CC=CC=C31.Cl,0.6345120151091003
48413183,C1=C(N=C(S1)N=C(N)N)CSCCNC2=NSN=C2N,-1.1789769472931695
48413184,CC1=C(C2=C(C=C1)C(=O)C3=CC=CC=C3C2=O)N,0.6020599913279624
48413185,C1=C(OC(=C1)[N+](=O)[O-])C2=NN=C(O2)N,1.728158393463501
48413186,C1=C(OC(=C1)[N+](=O)[O-])C2=NN=C(S2)N,2.505845405981557
48413187,C1=C(OC(=C1)[N+](=O)[O-])C2=CSC(=N2)N,1.5575202309355514
48413189,C1=CC(=C(C=C1[N+](=O)[O-])N)O,-0.7355988996981799
48413190,C1=CC(=C(C=C1[N+](=O)[O-])O)N,0.14266750356873156
48413191,C1=CC(=C(C=C1N)[N+](=O)[O-])O,-0.3010299956639812
48413193,C1=C(SC(=N1)N)[N+](=O)[O-],0.5128616245228135
48413195,C1=CC=C2C(=C1)C(=O)C3=C(C2=O)C=C(C=C3)N,0.3448615651886179
48413196,CC1=CC=CC=C1N=NC2=CC(=C(C=C2)N)C,1.747146969020107
48413199,C1=CC=C(C=C1)C2=CC=C(C=C2)N.Cl,2.322393047279507
48413201,C1CCC(CC1)(CC(=O)O)CN,-1.534026106056135
48413203,C1=NNC(=N1)N,0.9281179926938746
48413204,C(CCCCCN)CCCCC(=O)O,-0.7371926427047373
48413211,CCCCCN(C(=O)N)N=O,2.4571745730408203
48413218,C1=CC=C(C=C1)N.Cl,-0.31806333496276157
48413219,COC1=CC=CC=C1N.Cl,0.7304870557820837
48413224,CC(COC1=CC=C(C=C1)C(C)(C)C)OS(=O)OCCCl,0.5391021572434522
48413241,CCNC1=NC(=NC(=N1)Cl)NC(C)C,0.7695510786217261
48413243,CN(C)C1=CC=C(C=C1)C(=N)C2=CC=C(C=C2)N(C)C.Cl,1.4412914294668342
48413245,C1=NC(=NC(=O)N1C2C(C(C(O2)CO)O)O)N,3.157390760389438
48413247,C(C(C(=O)O)N)OC(=C[N+]#N)[O-],2.339134521996131
48413252,C1=CC=C(C=C1)N=NC2=CC=CC=C2,0.8794260687941502
48413253,CN=[N+](C)[O-],3.201349354554731
48413254,CCCN=[N+](CCC)[O-],5.732828271596986
48413255,CC(C)N=[N+](C(C)C)[O-],4.686132779630847
48413256,CC1=CN(C(=O)NC1=O)C2CC(C(O2)CO)N=[N+]=[N-],-1.6374897295125106
48413257,CCC1(C(=O)NC(=NC1=O)[O-])CC.[Na+],0.6536470255493614
48413261,CCOCCC1=C(N=C(N2C1=NC=N2)N)C3=CC=CC=C3,-0.2855573090077737
48413264,C1=CC=CC=C1,-0.3344537511509309
48413267,C1=CC(=CC=C1C2=CC=C(C=C2)N)N,2.027334407733889
48413269,C1=CC=C2C3=C4C(=CC2=C1)C=CC5=C4C(=CC=C5)C=C3,2.421360790031928
48413271,C1=CC=C2C(=C1)C=CO2,-0.5550944485783191
48413287,C1=CC=C(C=C1)C[N+]2=NOC(=C2CC(=O)N)[O-],1.739928612014925
48413293,C(C(CO)(CBr)CBr)O,0.3726341434072674
48413302,C(OCCl)Cl,4.507239610973162
48413303,C(C(CBr)Br)OP(=O)([O-])OCC(CBr)Br.C(C(CBr)Br)OP(=O)([O-])OCC(CBr)Br.[Mg+2],1.5030703519267852
48413305,C1=CC=C2C(=C1)C(=NC(=N2)C3=CC=C(S3)[N+](=O)[O-])N(CCO)CCO,2.0599818449923366
48413313,C1=CC=C(C=C1)NN=C2C(=CC3=CC(=C(C(=C3C2=O)N)N=NC4=CC=C(C=C4)C5=CC=C(C=C5)N=NC6=C(C=C(C=C6)N)N)S(=O)(=O)[O-])S(=O)(=O)[O-].[Na+].[Na+],2.749579997691106
48413314,C1=CC(=CC=C1C2=CC=C(C=C2)NN=C3C(=CC4=CC(=CC(=C4C3=O)N)S(=O)(=O)[O-])S(=O)(=O)[O-])NN=C5C(=CC6=CC(=CC(=C6C5=O)N)S(=O)(=O)[O-])S(=O)(=O)[O-].[Na+].[Na+].[Na+].[Na+],2.7328282715969863
48413315,COC1=C(C=CC(=C1)C2=CC(=C(C=C2)NN=C3C(=CC4=CC(=CC(=C4C3=O)N)S(=O)(=O)[O-])S(=O)(=O)[O-])OC)NN=C5C(=CC6=CC(=CC(=C6C5=O)N)S(=O)(=O)[O-])S(=O)(=O)[O-].[Na+].[Na+].[Na+].[Na+],1.5575202309355514
48413316,C1=CC(=C(C=C1C2=CC(=C(C=C2)NN=C3C(=CC4=CC(=CC(=C4C3=O)N)S(=O)(=O)[O-])S(=O)(=O)[O-])O)O)NN=C5C(=CC6=CC(=CC(=C6C5=O)N)S(=O)(=O)[O-])S(=O)(=O)[O-].[Na+].[Na+].[Na+].[Na+].[Cu].[Cu],-0.15836249209524964
48413317,C1=CC(=C2C(=C1N)C(=O)C3=C(C=CC(=C3C2=O)N)N)N,0.23507701535011152
48413320,CNC1=C(C=C(C=C1)N(CCO)CCO)[N+](=O)[O-],-0.43933269383026263
48413325,[O-]Br(=O)=O.[K+],1.2306226739238615
48413327,CC(C)CC1C(=O)N2CCCC2C3(N1C(=O)C(O3)(C(C)C)NC(=O)C4CN(C5CC6=C(NC7=CC=CC(=C67)C5=C4)Br)C)O.CS(=O)(=O)O,1.3477536589966768
48413328,C(Cl)(Cl)Br,0.3535962737769304
48413329,CCBr,-0.1367205671564068
48413331,C1=CC(=CC=C1C2=CC=C(C=C2)N=NC3=CC(=C(C=C3)[O-])C(=O)[O-])NN=C4C(=O)C=CC(=NNC5=C(C=CC(=C5)S(=O)(=O)[O-])[O-])C4=O.[Na+].[Na+].[Cu+2],2.5654310959658013
48413332,CCCC1OC2CC3C4CCC5=CC(=O)C=CC5(C4C(CC3(C2(O1)C(=O)CO)C)O)C,3.170053304058364
48413333,C=CC=C,-0.6839471307515121
48413335,CC(C)(C)O,0.059483515067432775
48413336,CCCCOC(=O)C1=CC=CC=C1C(=O)OCC2=CC=CC=C2,-0.5224442335063199
48413341,CCCCN(CCCCO)N=O,2.5816987086802548
48413345,CCCCN(C(=O)N)N=O,2.4485500020271247
48413346,CC(C)(C)C1=C(C=CC(=C1)OC)O,-0.3521825181113625
48413355,CC1CC(=O)O1,0.7958800173440752
48413358,[Cl-].[Cl-].[Cd+2],4.129596094720973
48413361,[O-]S(=O)(=O)[O-].[Cd+2],3.9829666607012197
48413363,C1=CC(=C(C=C1C=CC(=O)O)O)O,-0.21748394421390624
48413369,CCCC(CCC)C(=O)[O-].CCCC(CCC)C(=O)[O-].[Ca+2],-0.5998830720736879
48413374,C1C=CCC2C1C(=O)N(C2=O)SC(C(Cl)Cl)(Cl)Cl,0.6777807052660807
48413375,C1C=CCC2C1C(=O)N(C2=O)SC(Cl)(Cl)Cl,-0.8401060944567578
48413379,CNC(=O)OC1=CC=CC2=CC=CC=C21,1.1542819820333414
48413382,C(Cl)(Cl)(Cl)Cl,0.7423214251308154
48413383,C(C(=O)O)N(C(=O)N)N=O,1.5331323796458904
48413390,C1=CC=C(C(=C1)O)O,0.18775530319963077
48413397,C1=CC(=CC=C1CCCC(=O)O)N(CCCl)CCCl,2.530177984021837
48413402,C1(C(C2(C(=C(C1(C2(Cl)Cl)Cl)Cl)Cl)Cl)C(=O)O)C(=O)O,0.978810700930062
48413409,C1=CC(=CC=C1N)OC2=CC=C(C=C2)Cl,0.7670038896078462
48413410,C1(C(=C(C(=O)O1)Cl)C(Cl)Cl)O,2.571865205971211
48413411,CC1CC(CN(C1)S(=O)(=O)C2=CC(=C(C=C2)Cl)C(=O)O)C,1.8356471442155629
48413414,CC(=C)CCl,-0.09691001300805642
48413417,C1=CC(=C(C=C1N)N)Cl,-0.3443922736851107
48413418,C1=CC(=C(C=C1Cl)N)N,-0.17609125905568124
48413424,C(C(F)(F)F)Cl,0.13253251214094852
48413425,CC1=C(C(=CC=C1)NC2=CC(=NC(=N2)SCC(=O)O)Cl)C,1.869666231504994
48413426,CC1=C(C(=CC=C1)NC2=CC(=NC(=N2)SCC(=O)NCCO)Cl)C,1.7520267336381934
48413431,C1=CC(=CC=C1N)Cl.Cl,1.332547047110046
48413433,C1=CC=C(C=C1)Cl,-0.34044411484011833
48413439,CC(CNC(=O)N(C(C)Cl)N=O)O,3.2276782932770804
48413440,C(F)Cl,0.3957739469155299
48413441,C(Cl)(Cl)Cl,-0.34044411484011833
48413442,COCCl,1.1655792963184675
48413444,C1=CC(=CN=C1)CCl.Cl,-0.4216039268698311
48413446,CN(C)C(=O)NC1=CC=C(C=C1)Cl,0.1811145854059901
48413448,C#CC(C1=CC=CC=C1)(C2=CC=C(C=C2)Cl)OC(=O)N,1.5128616245228135
48413451,C=CC(=C)Cl,0.8507808873446201
48413451,C=CC(=C)Cl,0.8507808873446201
48413456,C(#N)C1=C(C(=C(C(=C1Cl)Cl)Cl)C#N)Cl,-0.931457870689005
48413457,C(CCl)N(C(=O)NC1C(C(C(OC1O)CO)O)O)N=O,3.9208187539523753
48413465,C1=CC2=C(C(=C1)O)C(=O)C3=C(C2=O)C=CC=C3O,-0.008600171761917567
48413468,C1=CC=C(C=C1)C=CCOC(=O)C2=CC=CC=C2N,-1.6794278966121188
48413469,CC(C)(C(=O)O)OC1=CC=C(C=C1)C2CC2(Cl)Cl,2.166852888087215
48413472,CC1C(OC=C2C1=C(C(=C(C2=O)C(=O)O)O)C)C,1.5243288116755704
48413473,CC1C=C(C(=O)OC2CC[N+]3(C2(C(=CC3)COC(=O)C1(C)OC(=O)C)[O-])C)C=C,2.910094888560602
48413475,CCOC(=O)C(C)(C)OC1=CC=C(C=C1)Cl,0.15739076038943792
48413479,O.O.O.O.O.O.O.[O-]S(=O)(=O)[O-].[Co+2],3.3124710387853655
48413487,C1=CC=C2C(=C1)C=CC(=O)O2,0.5718652059712112
48413488,CC1=C(C=CC(=C1)OC)N,-0.5352941200427705
48413489,CC1=CC(=C(C=C1)OC)N,0.14630178822382564
48413490,CC=CC=O,1.2225731776106885
48413491,C1=CC=C(C=C1)N(N=O)[O-].[NH4+],1.269217724333611
48413493,CCNC1=NC(=NC(=N1)Cl)NC(C)(C)C#N,1.5800442515102422
48413503,C1CCC(=NO)C1,0.384049948343599
48413504,COC1=C(C=C(C=C1)C(=O)NC2=C(C=NC=C2Cl)Cl)OC3CCCC3,2.393618634889395
48413505,C1CNP(=O)(OC1)N(CCCl)CCCl,2.0726296369609765
48413509,COC1=CC=C(C=C1)C(=O)C(=CC(=O)[O-])Br.[Na+],2.0447934624580584
48413510,CN(C)NN=C1C(=NC=N1)C(=O)N,2.408935392973501
48413511,CN(C)NC(=O)CCC(=O)O,-1.1931245983544616
48413512,C1=CC(=CC=C1N)S(=O)(=O)C2=CC=C(C=C2)N,1.0447934624580584
48413516,C1=CC(=CC=C1C(C2=CC=C(C=C2)Cl)C(Cl)(Cl)Cl)Cl,0.6216020990518624
48413517,C1(=C(C(=C(C(=C1Br)Br)Br)Br)Br)OC2=C(C(=C(C(=C2Br)Br)Br)Br)Br,-0.541579243946581
48413517,C1(=C(C(=C(C(=C1Br)Br)Br)Br)Br)OC2=C(C(=C(C(=C2Br)Br)Br)Br)Br,-0.541579243946581
48413520,CC12CCC3C(C1CCC2=O)CC=C4C3(CCC(C4)O)C,0.5376020021010439
48413521,CC(=O)OC1CCC2(C3CCC4(C(C3CC=C2C1)CCC4=O)C)C,0.8239087409443188
48413531,CC(=O)N(C1=CC=CC2=C1CC3=CC=CC=C32)C(=O)C,1.1450869776921444
48413537,C=CCN(CC=C)N=O,0.5702477199975919
48413538,C1=C(OC(=C1)[N+](=O)[O-])C2=NC(=NC(=N2)N)N,2.113509274827518
48413540,COC1=C(C=C(C=C1)N)N.OS(=O)(=O)O,0.1106982974936897
48413544,CC1=C(C=C(C=C1)N)N,1.6946486305533763
48413545,CC1=C(C=C(C=C1)N)N.Cl.Cl,1.6439741428068773
48413550,C1=CC(=C(C=C1CCN)[N+]#N)[O-].Cl,0.7258421507363202
48413553,C1=CC=C2C(=C1)C3=C(O2)C=C(C=C3)N,1.869666231504994
48413555,C(C(CBr)Br)Cl,2.958607314841775
48413556,C(C(C(C(C(CBr)O)O)O)O)Br,1.5654310959658013
48413557,C(CBr)Br,2.0920514783877278
48413558,C(C(C(C(C(CBr)O)O)O)O)Br,1.0476919903378747
48413560,CCCCNC(=O)N(CCCC)N=O,1.6716203965612624
48413564,CC(F)(Cl)Cl,-1.6532125137753437
48413570,C(C(=O)O)(Cl)Cl,-0.09691001300805642
48413571,C(#CCl)Cl,1.4236586497942072
48413573,C1=CC(=CC=C1Cl)Cl,-0.6414741105040995
48413574,C1=CC(=C(C=C1C2=CC(=C(C=C2)N)Cl)Cl)N,0.9546770212133425
48413576,C(C=CCCl)Cl,2.623423042943488
48413582,C(CCl)Cl,0.8297382846050426
48413593,COP(=O)(OC)OC=C(Cl)Cl,1.7258421507363202
48413594,[O-][Cr](=O)(=O)O[Cr](=O)(=O)[O-].[Na+].[Na+],1.7520267336381934
48413602,CCN(CC)C1=CC=C(C=C1)N=NC2=CC=[N+](C=C2)[O-],2.219682687859849
48413605,CCN(CC)C(=O)C,1.114638779968488
48413608,C(COCCO)O,-1.1931245983544616
48413611,CCC(=C(CC)C1=CC=C(C=C1)O)C2=CC=C(C=C2)O,3.080398976215889
48413612,CCNC(=S)NCC,0.7399286120149252
48413616,C1C(O1)COC2=CC(=CC=C2)OCC3CO3,1.7695510786217261
48413618,C1=CC=C2C(=C1)C(=O)NC(N2)C3=CC=C(S3)[N+](=O)[O-],2.2549252084179425
48413619,C1C=CCON1N=O,0.10017949757290372
48413620,C1CC(=O)OC2=CC=CC=C21,-1.3010299956639813
48413621,CCCC1=CC2=C(C=C1)OCO2,0.0599818449923368
48413628,CC1CC(OC(O1)C)OC(=O)C,-0.6138418218760693
48413628,CC1CC(OC(O1)C)OC(=O)C,-0.6138418218760693
48413630,COC1=CC(=C(C=C1)OC)C=CC2=CC=C(C=C2)N,2.549750891680639
48413632,COC1=C(C=CC(=C1)C2=CC(=C(C=C2)N=C=O)OC)N=C=O,-0.7403626894942439
48413633,COC1=C(C=CC(=C1)C2=CC(=C(C=C2)N)OC)N.Cl.Cl,2.484126156288321
48413637,COC1=C(C2=C(C(=C1)O)C(=O)C3=C(C=C4C(=C3O2)C5C=COC5O4)OC)OC,3.0236500209967265
48413639,CN(C)C1=CC=C(C=C1)N=NC2=CC=CC=C2,1.832682665251824
48413641,CO[P+](=O)OC,-0.10037054511756291
48413642,COP(=O)(C)OC,-0.7512791039833423
48413643,COP(=O)(N1CCOCC1)OC,-0.49831055378960054
48413644,CC1=CC(=NC(=N1)C2=CC=C(O2)[N+](=O)[O-])C,2.197910742118267
48413645,CC1=NC=C(N1C)[N+](=O)[O-],0.9208187539523752
48413648,CCC(C(CC(C)N(C)C)(C1=CC=CC=C1)C2=CC=CC=C2)OC(=O)C.Cl,0.7594507517174003
48413650,CN(C)CNC1=NN=C(O1)C=CC2=CC=C(O2)[N+](=O)[O-],1.0958256317158366
48413654,CC[NH2+]C(=O)N(CCN(C)C)N=O.N(=O)[O-],2.5243288116755704
48413656,CN(C)C1=CC=CC=C1,-0.012837224705172217
48413657,C[As](=O)(C)O,1.0830199526796178
48413660,CC1=C(C=CC(=C1)C2=CC(=C(C=C2)N)C)N.Cl.Cl,2.6556077263148894
48413667,CN(C)NC1=NC(=CS1)C2=CC=C(O2)[N+](=O)[O-],2.7931741239681505
48413668,CN(C)[N+](=O)[O-],2.2168113089247425
48413670,CC(=CCl)C,0.4546928835341759
48413675,CN1C=NC(=C1C(=O)N(C)N=O)N(C)N=O,3.0920514783877278
48413676,C1CN(CCN(C1)N=O)N=O,3.4100503986742923
48413679,CC1=C(C=CC=C1[N+](=O)[O-])[N+](=O)[O-],2.795880017344075
48413684,C1COCCO1,-0.48144262850230496
48413687,CCCCCN(CCCCC)N=O,1.665546248849069
48413704,CC(C1=CC=CC=C1)(C2=CC=CC=N2)OCCN(C)C.C(CC(=O)O)C(=O)O,-0.617000341120899
48413721,C1C(O1)CCl,1.494850021680094
48413724,CCC1CO1,-0.4842998393467858
48413731,CC12CCC3C(C1CCC2(C#C)O)CCC4=C3C=CC(=C4)O,3.170696227168975
48413733,CCSCCC(C(=O)O)N,1.5171264163912463
48413734,CCSCCC(C(=O)O)N,1.2232988160115892
48413735,CCOC1=CC=C(C=C1)NC(=O)N,-0.4742162640762552
48413738,CCOC(=O)C=C,-0.07554696139253074
48413739,CCO,-2.296665190261531
48413740,CCN=[N+](CC)[O-],3.6675615400843946
48413741,CC[N+](=NC)[O-],3.6675615400843946
48413748,CCN(C(=O)N)N=O,2.0915149811213505
48413751,CCC1=CC=CC=C1,0.16494389827988373
48413755,C1CO1,0.31515463835558755
48413756,C1CNC(=S)N1,1.099086932262331
48413762,CCCCC(CC)COC(=O)C1=CC=CC=C1C(=O)OCC(CC)CCCC,-0.26245108973042947
48413764,CCN(C(=O)NCCO)N=O,2.489454989793388
48413765,CCN(C(=O)NCC(=O)C)N=O,2.9788107009300617
48413766,CCN(C#N)N=O,1.4306260903849541
48413782,C1=CC(=C(C=C1F)F)C(CN2C=NC=N2)(CN3C=NC=N3)O,0.5800442515102421
48413784,C1C2=CC=CC=C2C3=C1C=C(C=C3)NC(=O)C(F)(F)F,2.2335871528876003
48413787,CC(=O)NC1=CC=C(C=C1)C2=CC=C(C=C2)F,2.3555614105321614
48413788,C(CF)N(C(=O)N)N=O,3.0338582672609675
48413791,CC(C)N1C2=CC=CC=C2C(=C1C=CC(CC(CC(=O)O)O)O)C3=CC=C(C=C3)F,0.5171264163912462
48413792,C=O,1.3467874862246563
48413794,CC1=CSC(=N1)NNC=O,1.0381045263321496
48413795,C1=C(OC(=C1)[N+](=O)[O-])C2=CSC(=N2)NNC=O,1.7011469235902934
48413798,CCOP(=O)=O.CCOP(=O)=O.CCOP(=O)=O.[Al+3],-1.0128372247051722
48413799,CCCCC(C)C(C(CC(C)CC(CCCCC(CC(C(C)N)O)O)O)OC(=O)CC(CC(=O)O)C(=O)O)OC(=O)CC(CC(=O)O)C(=O)O,2.6819366650372385
48413801,C1=COC=C1,2.2350770153501114
48413802,C1=COC(=C1)C=O,-0.8518696007297664
48413803,C1=COC(=C1)CO,1.009217308196862
48413808,CC1=CC(=C(C=C1)C)OCCCC(C)(C)C(=O)O,0.005682847330363273
48413813,CC1=CC=CN2C1=NC3=C2N=C(C=C3)N,1.6252516539898962
48413814,C1=CC2=NC3=C(N2C=C1)N=C(C=C3)N,0.638272163982407
48413823,C1C(O1)CO,1.238072161579471
48413824,C(C(=O)O)N,-2.534026106056135
48413828,CCN(CC1=CC(=CC=C1)S(=O)(=O)[O-])C2=CC=C(C=C2)C(=C3C=CC(=[N+](CC)CC4=CC(=CC=C4)S(=O)(=O)[O-])C=C3)C5=CC=CC=C5.[Na+],-0.9429995933660404
48413829,CCN(CC1=CC(=CC=C1)S(=O)(=O)[O-])C2=CC=C(C=C2)C(=C3C=CC(=[N+](CC)CC4=CC(=CC=C4)S(=O)(=O)[O-])C=C3)C5=CC=C(C=C5)S(=O)(=O)[O-].[Na+].[Na+],-0.8518696007297664
48413834,C1=C2C(=C(C(=C1Cl)Cl)Cl)OC3=C(C(=C(C=C3O2)Cl)Cl)Cl,5.818156412055227
48413835,C1C2=CC(=C(C=C2C3C1(COC4=C3C=CC(=C4O)O)O)O)O,-0.5198279937757188
48413839,C1(=C(C(=C(C(=C1Cl)Cl)Cl)Cl)Cl)Cl,1.8664610916297826
48413840,C(=C(Cl)Cl)(C(=C(Cl)Cl)Cl)Cl,0.5985994592184558
48413841,C1(C(C(C(C(C1Cl)Cl)Cl)Cl)Cl)Cl,1.4145392704914994
48413841,C1(C(C(C(C(C1Cl)Cl)Cl)Cl)Cl)Cl,1.4145392704914994
48413846,C(C(Cl)(Cl)Cl)(Cl)(Cl)Cl,0.6307841425898572
48413848,CC=CC=CC=O,0.1890957193312996
48413851,C(N(CO)C1=NC(=NC(=N1)N(CO)CO)N(CO)CO)O,1.47755576649368
48413852,CN(C)P(=O)(N(C)C)N(C)C,3.7166987712964503
48413857,CCCCCCN(C(=O)N)N=O,2.5287082889410613
48413861,NN,1.7189666327522726
48413862,NN.OS(=O)(=O)O,0.5030703519267851
48413863,C1=CC(=CC=C1C2=CSC(=N2)NN)N,2.3018994543766103
48413864,C1=C(OC(=C1)[N+](=O)[O-])C2=CSC(=N2)NN,1.85078088734462
48413865,C1=CC(=CC=C1C2=CSC(=N2)NN)[N+](=O)[O-],1.8664610916297826
48413869,C1=CC=C(C=C1)NNC2=CC=CC=C2,1.518557371497695
48413871,C(C(F)(F)F)(Cl)Cl,-1.1903316981702914
48413875,C1=CC(=CC=C1O)O,0.12378215940835775
48413878,CC(=O)N(C1=CC2=C(C=C1)C3=CC=CC=C3C2)O,2.384049948343599
48413881,C1=CC=C2C(=C1)C(=O)C3=C(C2=O)C(=CC=C3)O,0.3798639450262425
48413883,C1CN(C(=O)N1CCO)N=CC2=CC=C(O2)[N+](=O)[O-],1.2055119533408303
48413884,CCNC(=O)N(CCO)N=O,2.4571745730408203
48413885,C(CO)N(C(=O)N)N=O,2.7375489102695707
48413886,C1=CC=C2C(=C1)C(=NC(=N2)C3=CC=C(S3)[N+](=O)[O-])NCCO,2.2284125191187445
48413888,C(CN(C(=O)N)N=O)CO,2.1771783546968955
48413890,C=CC(C1=CC2=C(C=C1)OCO2)O,0.9871627752948278
48413892,CC(CN1CC(=O)NC(=O)C1)N2CC(=O)NC(=O)C2,1.3990271043132518
48413893,C1=CN(N=C1NC(=NCC(F)(F)F)N)CCCCC(=O)N,-0.5820633629117087
48413898,CC1(C2=C(C=CC(=C2)C3=NNC(=O)CC3)NC1=O)C,2.1073489661226996
48413899,CC1=C(C2=C(N1C(=O)C3=CC=C(C=C3)Cl)C=CC(=C2)OC)CC(=O)O,2.4934949675951277
48413900,CC(C1OCC(O1)CO)I,0.40782324260413316
48413904,CN1C2=C(C3=C(C=C2)N=CC=C3)N=C1N,2.3872161432802645
48413905,CN1C2=C(C3=C(C=C2)N=CC=C3)N=C1N.Cl,1.853871964321762
48413907,CC=C1CC(C(C(=O)OCC2=CC[N+]3(C2C(CC3)OC1=O)[O-])(CO)O)C,2.709965388637482
48413908,CC(=C)C,-1.801403710017355
48413910,CC(C)CON=O,0.2798406965940431
48413915,COC1=C(C=CC(=C1)S(=O)C)C2=NC3=C(N2)C=NC=C3,0.6108339156354675
48413916,C1=CN=CC=C1C(=O)NN,-0.03742649794062367
48413920,CC1=CC(=O)CC(C1)(C)C,-0.9420080530223133
48413921,C1CN(P(=O)(OC1)NCCCl)CCCl,2.54821356447571
48413922,CC(=C)C=C,-0.6627578316815741
48413933,C1(=O)C2(C3(C4(C1(C5(C2(C3(C(C45Cl)(Cl)Cl)Cl)Cl)Cl)Cl)Cl)Cl)Cl,2.219682687859849
48413936,CC=C(C)C(=O)OC1CCN2C1C(=CC2)COC(=O)C(C(C)OC)(C(C)(C)O)O,3.024568191490737
48413937,CC(=O)[O-].CC(=O)[O-].[Pb+2],0.8446639625349383
48413938,CC(=O)O[Pb]OC(=O)C.O.O.O.O.[Pb].[Pb],0.6497519816658371
48413942,CC1=CCC(CC1)C(=C)C,-0.17609125905568124
48413949,CN1C(=NC(=N1)CO)NCCCOC2=CC=CC(=C2)CN3CCCCC3,-0.12385164096708583
48413950,CC1=NC=C(C=C1)CC2=CN=C(NC2=O)NCCSCC3=CC=C(O3)CN(C)C.Cl.Cl.Cl,-0.8082109729242221
48413957,C(=C[O-])C=O.[Na+],-0.11394335230683678
48413958,C(CNC(=S)[S-])NC(=S)[S-].[Mn+2],0.22767829327708025
48413963,CC1=C(N=C2C(=C1)C3=CC=CC=C3N2)[NH3+].CC(=O)[O-],1.585026652029182
48413965,CC1=CN=C2C=CC3=C(C2=N1)N=C(N3C)N,2.109020403010311
48413966,C1(=NC(=NC(=N1)N)N)N,-0.7656685547590141
48413968,C1=CC(=CC=C1CC(C(=O)O)N)N(CCCl)CCCl,3.5128616245228135
48413971,C1=CC=C2C(=C1)NC(=S)S2,-0.31386722036915343
48413975,[Cl-].[Cl-].[Hg+2],1.9393021596463882
48413979,CC1CN1P(=O)(N2CC2C)N3CC3C,1.6840296545430822
48413983,CN(C)CCN(CC1=CC=CS1)C2=CC=CC=N2.Cl,1.5128616245228135
48413985,CN1C=CNC1=S,2.0004345117740177
48413990,COC1=C(C=C2C(=C1)C3=CC=CC=C3O2)N,0.8664610916297825
48413991,COC1=CC=CC(=C1O)O,0.45842075605341914
48413993,COC1=CC=C(C=C1)O,-0.724275869600789
48413995,COC1=C2C(=CC3=C1OC=C3)C=CC(=O)O2,0.8239087409443188
48413996,CCN=[N+](C)[O-],0.8827287043442358
48413998,CC(C)(C)OC,-0.9009130677376691
48413999,COC(=O)N,0.12262865413022594
48414002,CC(C)(C(=O)OC)OC1=CC=C(C=C1)C2=CC=C(C=C2)Cl,1.8041003475907664
48414004,CC1=CC(=CC=C1)N=NC2=CC=C(C=C2)N(C)C,1.8632794328435933
48414005,CN(C1=CC=C(C=C1)N=O)N=O,2.1040252676409352
48414012,CN(C(=N[N+](=O)[O-])N)N=O,2.2628073572952627
48414013,CC1=C(C2=C(C=C1)C(=O)C3=CC=CC=C3C2=O)[N+](=O)[O-],0.49894073778224846
48414014,CC1CN(C(=O)N1)N=CC2=CC=C(O2)[N+](=O)[O-],1.6497519816658373
48414015,CN(C1=CC=C(C=C1)C=CC2=CC=NC3=CC=CC=C23)N=O,2.616184634019569
48414016,CN(C(=O)C1=CC=CC=C1)N=O,1.705533773838407
48414017,CN(C(=O)NCCCC(C(=O)O)N)N=O,2.4424927980943423
48414018,CC1CCCCN1N=O,0.7986028756795485
48414019,CC1CCCCN1N=O,0.9871627752948278
48414025,CC(C1=CC=CC=C1)O,-0.5740312677277188
48414027,CC1=CC(=C(C=C1)O)O,-0.3010299956639812
48414028,CC1=C2CCC3=C2C(=CC4=C3C=CC5=CC=CC=C54)C=C1,2.7375489102695707
48414031,C1=CC(=C(C=C1CC2=CC(=C(C=C2)N)Cl)Cl)N,1.1414628024303608
48414033,CC1=C(C=CC(=C1)CC2=CC(=C(C=C2)N)C)N,1.486782399932061
48414034,C(Cl)Cl,-0.9304395947667001
48414035,CN(C)C1=CC=C(C=C1)CC2=CC=C(C=C2)N(C)C,1.1904402853647322
48414037,C1=CC(=CC=C1CC2=CC=C(C=C2)N)N.Cl.Cl,1.1319436381769585
48414038,CCC(=NO)C,0.06803388527182737
48414039,COC1=C(C=C(C=C1)CC=C)OC,0.9546770212133425
48414045,CC1=NC=CN1,-1.0253058652647702
48414048,CN[N+](=O)[O-],0.640164517660112
48414049,CN(CCCC(C1=CN=CC=C1)O)N=O,3.3080348972326394
48414050,CN(CCCC(=O)C1=CN=CC=C1)N=O,3.3169529617611504
48414053,CN(C#N)N=O,2.248720896016658
48414062,CC1=NC=C(N1CCO)[N+](=O)[O-],-0.5010592622177514
48414064,CN(C)C1=CC=C(C=C1)C(=O)C2=CC=C(C=C2)N(C)C,1.6777807052660807
48414065,C12(C3(C4(C5(C3(C(C1(C5(C2(C4(Cl)Cl)Cl)Cl)Cl)(Cl)Cl)Cl)Cl)Cl)Cl)Cl,2.489454989793388
48414066,C12C3(C4(C5(C3(C(C1(C5(C2(C4(Cl)Cl)Cl)Cl)Cl)(Cl)Cl)Cl)Cl)Cl)Cl,2.543633966870957
48414068,CC1=C(C(=O)C2=C(C1=O)N3CC4C(C3(C2COC(=O)N)OC)N4)N,5.515700160653214
48414072,CC1C(=O)OC2CCN3C2C(=CC3)COC(=O)C(C1(C)O)(C)O,2.5391021572434522
48414074,CNC(=O)C1=C(N=CN1C)N(C)N=O,2.294992040666664
48414079,C1COCCN1C2=NC(=NC3=CC=CC=C32)C4=CC=C(S4)[N+](=O)[O-],1.832682665251824
48414080,C1COCCN1CC2CN(C(=O)O2)N=CC3=CC=C(O3)[N+](=O)[O-].Cl,1.7569619513137056
48414082,CC(C)(C(=O)O)OC1=CC=C(C=C1)C2CCCC3=CC=CC=C23,1.4509967379742121
48414083,CCN1C=C(C(=O)C2=C1N=C(C=C2)C)C(=O)O,0.06248210798265336
48414084,C1=CC=C2C=CC=CC2=C1,0.7644715530924511
48414087,C1=CC2=C(C=CC=C2N)C(=C1)N,0.3565473235138126
48414092,C1=CC=C2C=C(C=CC2=C1)N,0.36653154442041347
48414107,CCNC(=O)NC1=NC=C(S1)[N+](=O)[O-],0.2175273758337138
48414110,C(C(=O)O)N(CC(=O)O)CC(=O)O,-0.9666109866819343
48414111,C(C(=O)[O-])N(CC(=O)[O-])CC(=O)[O-].O.[Na+].[Na+].[Na+],-0.12710479836480765
48414112,N(=O)[O-].[Na+],-0.38381536598043126
48414114,COC1=C(C=C(C=C1)[N+](=O)[O-])N,0.4934949675951279
48414115,C1=C(OC(=C1)[N+](=O)[O-])C=NNC(=O)N,1.453457336521869
48414118,C1=CC2=NC=C(N2C=C1)C3=CC=C(O3)[N+](=O)[O-],1.2269453066357374
48414119,C1=C(OC(=C1)[N+](=O)[O-])C2=NNC(=O)O2,1.359518563029578
48414120,CC(=O)NCC1=NC(=NO1)C2=CC=C(O2)[N+](=O)[O-],0.6270879970298935
48414121,CC(=O)NC1=NN=C(S1)C2=CC=C(O2)[N+](=O)[O-],1.458420756053419
48414122,C1=C(OC(=C1)[N+](=O)[O-])C2=CSC=N2,1.4078232426041333
48414123,CC(=O)NC1=NC(=CS1)C2=CC=C(O2)[N+](=O)[O-],1.1530446749801762
48414124,C1=C(OC(=C1)[N+](=O)[O-])C2=CSC(=N2)NC=O,1.749579997691106
48414125,CC(=O)NC1=NC(=NC(=N1)C2=CC=C(O2)[N+](=O)[O-])NC(=O)C,1.337242168318426
48414126,CCC=C(CC)[N+](=O)[O-],1.1739251972991736
48414131,C1CC2=CC=CC3=C(C=CC1=C23)[N+](=O)[O-],1.3615107430453628
48414133,COC1=CC=CC=C1[N+](=O)[O-],0.9913998282380825
48414135,C1=CC=C(C=C1)[N+](=O)[O-],0.6840296545430823
48414137,C1=CC(=CC=C1C(=O)O)[N+](=O)[O-],-0.23552844690754893
48414139,CCC(C)[N+](=O)[O-],1.5575202309355514
48414141,C1=CC(=CC=C1[N+](=O)[O-])OC2=C(C=C(C=C2)Cl)Cl,-0.17026171539495738
48414142,C1C2=CC=CC=C2C3=C1C=C(C=C3)[N+](=O)[O-],2.869666231504994
48414143,C1C(=O)NC(=O)N1N=CC2=CC=C(O2)[N+](=O)[O-],0.16494389827988373
48414144,C1CN(C(=O)N1)N=CC2=CC=C(O2)[N+](=O)[O-],1.6289321377282637
48414146,CN(CCCl)CCCl,4.13608262304214
48414147,C[N+](CCCl)(CCCl)[O-],2.3526170298853804
48414148,C[N+](=O)[O-],0.17914201056030005
48414150,CCC(CC)[N+](=O)[O-],1.6946486305533763
48414154,C1=CC2=C3C(=C1)C=CC4=C(C=CC(=C43)C=C2)[N+](=O)[O-],1.869666231504994
48414156,C1=CC2=C(C(=C1)[N+](=O)[O-])N=CC=C2,1.2487208960166578
48414157,CC(C)OC1=CC=CC=C1OC(=O)N(C)N=O,2.815308569182401
48414158,C(CC(F)(F)F)CN(CCCC(F)(F)F)N=O,2.55129368009492
48414160,C1CN(C(=O)NC1=O)N=O,3.1630432629404495
48414161,CC(CN(CC(CO)O)N=O)O,3.5228787452803374
48414162,CC(=O)CN(CC(CO)O)N=O,3.6989700043360187
48414163,C(CO)N(CC(CO)O)N=O,1.438898616350944
48414164,CC1CN(CC(N1C(=O)C2=CC=CC=C2)C)N=O,1.4078232426041333
48414165,C(CCl)NC(=O)N(CCO)N=O,2.7399286120149253
48414167,CC(CN(C(=O)NCCCl)N=O)O,2.3809066693732572
48414168,CC(CN(CCO)N=O)O,2.162411561764489
48414169,C1CN(CC1O)N=O,1.1811145854059901
48414170,CC(C)CN(C(=O)N)N=O,1.486782399932061
48414171,CCCCCCCCCCCCN(C)N=O,2.6289321377282637
48414172,CN(C1=CC=C(C=C1)F)N=O,2.7825160557860937
48414174,CN(CCC1=CC=CC=C1)N=O,4.216096420727265
48414175,CCCCCCCCCCCCCCN(C)N=O,2.191789027075778
48414176,CCCCCCCCCCN(C)N=O,2.201349354554731
48414177,CN(C(=O)N)N=O,3.0462403082667713
48414178,C1COC(=O)N1N=O,2.4788619162959638
48414179,CC(=O)CN(CCO)N=O,1.9100948885606022
48414180,C1CN(CN(C1)N=O)N=O,2.939302159646388
48414181,C1CN(CC=C1)N=O,3.27083521030723
48414182,CCN(CC(F)(F)F)N=O,1.7931741239681502
48414184,CC1CN(CC(N1C)C)N=O,3.0177287669604316
48414185,C=CCN(CC(CO)O)N=O,2.288192770958809
48414186,CC(CN(CC=C)N=O)O,2.216096420727265
48414187,CC(=O)CN(CC=C)N=O,2.6270879970298933
48414188,C=CCN(CCO)N=O,2.423658649794207
48414189,CCCCCN(C(=O)OCC)N=O,2.2700257143004445
48414190,C1CCN(C(C1)C2=CN=CC=C2)N=O,1.2062096153091812
48414191,CN(C(=O)NC1=NC2=CC=CC=C2S1)N=O,2.3205721033878812
48414192,CC(CN(CC(C)O)N=O)O,2.282329496997738
48414193,CC(=O)CN(CC(=O)C)N=O,2.5086383061657274
48414197,CCCCN(CCCC)N=O,2.359518563029578
48414198,C(CO)N(CCO)N=O,1.6270879970298935
48414199,CCN(CC)N=O,3.586700235918748
48414200,CN(C)N=O,2.889410289700751
48414201,C1=CC=C(C=C1)N(C2=CC=CC=C2)N=O,0.07468790850035051
48414202,C1=CC=C(C=C1)NC2=CC=C(C=C2)N=O,-0.004321373782642578
48414203,CCCN(CCC)N=O,2.844663962534938
48414205,C1CCCCCCN(CCCCC1)N=O,1.2898826348881838
48414206,CC(C(C1=CC=CC=C1)O)N(C)N=O,0.3098039199714863
48414207,CCN(C)N=O,3.243363891754152
48414208,CCN(C(=O)OCC)N=O,3.208309350979882
48414210,C1CCCN(CCC1)N=O,3.575118363368933
48414212,C1C(=O)NC(=O)N1N=O,0.4698003017969178
48414215,CN(CCCC(=O)O)N=O,2.1726307269461747
48414216,CN(CC(CO)O)N=O,2.3169529617611504
48414217,CN(CCO)N=O,1.9065783148377649
48414218,CN(CCCO)N=O,1.85078088734462
48414219,CC(CN(C)N=O)O,3.406713932979543
48414220,CC(=O)CN(C)N=O,3.8297382846050425
48414221,CC1=CC=C(C=C1)S(=O)(=O)OCCN(C)N=O,1.7304870557820837
48414222,CN(C1=CC=CC=N1)N=O,2.8068754016455384
48414225,CN(C1=CC=CC=C1)N=O,2.9829666607012197
48414227,CCCCCCCCCCCN(C)N=O,1.9546770212133424
48414228,C1COCCN1N=O,3.027334407733889
48414229,C1CC(N(C1)N=O)C2=CN=CC=C2,3.2676062401770314
48414230,C1CC(N(C1)N=O)C2=C[N+](=CC=C2)[O-],2.343901797987168
48414232,C1CN(CCN1)N=O,1.1174754620451195
48414233,C1CCN(CC1)N=O,1.9030899869919435
48414235,C1CCN(C1)N=O,2.097997108649271
48414236,CC1N(C(SC(S1)C)C)N=O,2.600326278518962
48414237,C1CSCCN1N=O,1.38933983691012
48414238,CC1=CC=CC=C1N=O,0.3777859770337047
48414239,CC1=CC=CC=C1[N+](=O)[O-],1.4685210829577449
48414240,CC1=CC=C(C=C1)[N+](=O)[O-],-0.271841606536499
48414248,CC1CC2=C(C=C(C(=C2C(=O)O1)O)C(=O)NC(CC3=CC=CC=C3)C(=O)O)Cl,3.4723700991286615
48414255,CC1=CN=C(C(=C1OC)C)CS(=O)C2=NC3=C(N2)C=C(C=C3)OC,0.4621809049267259
48414256,C1=CC=C(C=C1)NC2=C(C=C(C=C2)NC3=C(C=C(C=C3)[N+](=O)[O-])[N+](=O)[O-])S(=O)(=O)[O-].[Na+],-0.5774917998372253
48414264,CC(=O)NC1=CC2=C(C=C1)C3=CC=CC=C3C2=O,1.585026652029182
48414265,CCN1C=C(C(=O)C2=CC3=C(C=C21)OCO3)C(=O)O,0.19449914184159983
48414270,C1=CC(=CC=C1N)OC2=CC=C(C=C2)N,1.3233063903751334
48414271,C1COCCN1C(=S)SN2CCOCC2,0.43651891460558934
48414273,CC12CCC3C(C1CCC2(C)O)CCC4C3(CC(=CO)C(=O)C4)C,0.6968039425795111
48414280,COC1=C(C(=C(C(=C1Cl)Cl)Cl)Cl)Cl,1.0530567293021746
48414283,C1(=C(C(=C(C(=C1Cl)Cl)Cl)Cl)Cl)O,0.6536470255493614
48414283,C1(=C(C(=C(C(=C1Cl)Cl)Cl)Cl)Cl)O,0.6536470255493614
48414283,C1(=C(C(=C(C(=C1Cl)Cl)Cl)Cl)Cl)O,0.6536470255493614
48414292,CC1CC2(C(O2)C)C(=O)OC3CCN(CC=C(C3=O)COC(=O)C1(C)O)C,2.616184634019569
48414293,CCOC1=CC=C(C=C1)NC(=O)C,-0.8432327780980093
48414294,CC1=CC(=O)N(N1C)C2=CC=CC=C2,-0.814913181275074
48414295,C1=CC=C(C=C1)N=NC2=C(N=C(C=C2)N)N.Cl,-0.08278537031645007
48414296,CC(C)CCCC(C)C1CCC2C1(CCC3C2CC=C4C3(CCC(C4)OC(=O)CC5=CC=C(C=C5)N(CCCl)CCCl)C)C,3.090979145788844
48414300,CCC1(C(=O)NC(=NC1=O)[O-])C2=CC=CC=C2.[Na+],0.4710832997223452
48414302,C1=CC=C2C(=C1)C(=O)OC2(C3=CC=C(C=C3)O)C4=CC=C(C=C4)O,-0.4517864355242902
48414304,CC(COC1=CC=CC=C1)N(CCCl)CC2=CC=CC=C2.Cl,2.494850021680094
48414305,CN(C)N=NC1=CC=CC=C1,1.8096683018297086
48414310,C1=CC=C(C=C1)C(COC(=O)N)COC(=O)N,-0.6608654780038692
48414313,C1=CC=C(C=C1)NN=C2C(=O)C=CC3=CC=CC=C32,0.9281179926938746
48414314,CCCCC1C(=O)N(N(C1=O)C2=CC=CC=C2)C3=CC=CC=C3,-0.5751878449276611
48414318,C1=CC=C(C(=C1)N)N.Cl.Cl,-0.1367205671564068
48414323,C1C(O1)COC2=CC=CC=C2,0.5331323796458906
48414329,C1=CC=C(C=C1)C2=CC=CC=C2O,-0.13353890837021754
48414331,C1=CC=C(C=C1)C2=CC=CC=C2[O-].[Na+],-0.5440680443502757
48414333,CN1C2=C(N=CC(=C2)C3=CC=CC=C3)N=C1N.Cl,2.1655792963184672
48414345,CCCCOCCOCCOCC1=CC2=C(C=C1CCC)OCO2,-0.271841606536499
48414350,CC1(COC1=O)C,-0.3242824552976926
48414352,C1=C(C(=CC(=C1Br)Br)Br)C2=CC(=C(C=C2Br)Br)Br,3.2898826348881838
48414358,C(=O)(O)[O-].[K+],-2.113943352306837
48414360,[K+].[I-],-0.42324587393680785
48414365,CC12CC(C3C(C1CCC2(C(=O)COC(=O)CCCC4=CC=C(C=C4)N(CCCl)CCCl)O)CCC5=CC(=O)C=CC35C)O,1.5272435506827877
48414366,CC12CC(C3C(C1CCC2(C(=O)CO)O)CCC4=CC(=O)C=CC34C)O,2.3726341434072675
48414372,CC(C)NC(=O)C1=CC=C(C=C1)CNNC,1.7423214251308154
48414373,CC(C)NC(=O)C1=CC=C(C=C1)CNNC.Cl,2.8664610916297826
48414378,C1COS(=O)(=O)C1,1.5030703519267852
48414380,C1COC1=O,1.692503962086787
48414386,CCCN(C(=N[N+](=O)[O-])N)N=O,2.1260984021355385
48414387,CCCN(C(=O)N)N=O,1.5421181032660076
48414391,CC1CO1,-0.10720996964786837
48414393,CCCC1=CC(=O)NC(=S)N1,1.0942041196321315
48414397,C1=CC=C2C(=C1)C(=CC=C2S(=O)(=O)[O-])NN=C3C(=O)C=CC4=CC(=CC(=C43)S(=O)(=O)[O-])S(=O)(=O)[O-].[Na+].[Na+].[Na+],-1.6074550232146685
48414398,C1=CC=C2C(=C1)C(=O)C3=C(C2=O)C(=C(C=C3O)O)O,-0.42324587393680785
48414400,C1=CC=NC=C1,0.07007043991541213
48414401,CN(C)CCN(CC1=CC=C(C=C1)OC)C2=CC=CC=N2.C(=CC(=O)O)C(=O)O,0.1567672219019906
48414403,C1=CC(=C(C=C1C2=C(C(=O)C3=C(C=C(C=C3O2)O)O)O)O)O,1.4762535331884354
48414407,C1=CC(=CC=C1NO)N=O,0.11520463605101904
48414409,CC1=CC=C(C=C1)S(=O)(=O)OC2=CC=C(C=C2)N=NC3=C(C=C(C=C3)C4=CC(=C(C=C4)NN=C5C(=O)C=CC6=CC(=CC(=C65)S(=O)(=O)[O-])S(=O)(=O)[O-])C)C.[Na+].[Na+],2.329754146925876
48414411,CC1=CC(=C(C=C1)NN=C2C(=O)C=CC3=CC=CC=C32)[N+](=O)[O-],-0.5809249756756193
48414413,CC1=CC(=C(C=C1)NN=C2C3=C(C=CC(=C3)S(=O)(=O)[O-])C=C(C2=O)S(=O)(=O)[O-])C.[Na+].[Na+],0.06348625752110672
48414414,CC1=CC(=C(C=C1Cl)S(=O)(=O)[O-])NN=C2C(=O)C=CC3=CC=CC=C32.CC1=CC(=C(C=C1Cl)S(=O)(=O)[O-])NN=C2C(=O)C=CC3=CC=CC=C32.[Ba+2],0.785156151952302
48414416,CC1=CC(=C(C=C1C)NN=C2C3=C(C=C(C=C3)S(=O)(=O)[O-])C=C(C2=O)S(=O)(=O)[O-])C.[Na+].[Na+],-0.021189299069938092
48414417,C1=CC=C2C(=C1)C(=CC=C2S(=O)(=O)[O-])NN=C3C4=C(C=C(C=C4)S(=O)(=O)[O-])C=C(C3=O)S(=O)(=O)[O-].[Na+].[Na+].[Na+],-0.38560627359831223
48414419,CC1=CC(=C(C=C1NN=C2C=C(C3=CC=CC=C3C2=O)S(=O)(=O)[O-])S(=O)(=O)[O-])C.[Na+].[Na+],-1.2278867046136734
48414422,COC1C(CC2CN3CCC4=C(C3CC2C1C(=O)OC)NC5=C4C=CC(=C5)OC)OC(=O)C6=CC(=C(C(=C6)OC)OC)OC,3.2984320149440727
48414425,CC1=C(C(CCC1)(C)C)C=CC(=CC=CC(=CCOC(=O)C)C)C,0.4190750243243807
48414427,CC=C1CC(C(C(=O)OCC2=CCN3C2C(CC3)OC1=O)(CO)O)C,2.6108339156354674
48414429,CC=C1CC(=C)C(C(=O)OCC2=CCN3C2C(CC3)OC1=O)(CO)O,3.4672456210075024
48414433,C1=CC(=N)C=CC1=C(C2=CC=C(C=C2)N)C3=CC=C(C=C3)N.Cl,0.9136401693252518
48414439,C1=CC=C2C(=C1)C(=O)[N-]S2(=O)=O.[Na+],-1.0170333392987803
48414440,C=CCC1=CC2=C(C=C1)OCO2,-0.43456890403419873
48414441,CC(C)(C)NCC(C1=CC(=C(C=C1)O)CO)O,0.7772835288524167
48414442,C1=CC=NC(=C1)NS(=O)(=O)C2=CC=C(C=C2)NN=C3C=CC(=O)C(=C3)C(=O)O,-0.6009728956867483
48414450,S=[Se],1.142064735280571
48414451,CC=C1CC(C(C(=O)OCC2=CCN(CCC(C2=O)OC1=O)C)(C)O)C,2.332547047110046
48414453,C1OC2=C(O1)C=C(C=C2)O,-0.989894563718773
48414466,COC1=C2C(=C3C4C=COC4OC3=C1)OC5=C(C2=O)C(=CC=C5)O,3.3288271572849166
48414469,CN(C(=O)NC1C(C(C(OC1O)CO)O)O)N=O,2.4400933749638876
48414471,C=CC1=CC=CC=C1,0.6497519816658371
48414473,C1C(O1)C2=CC=CC=C2,0.33629907461035186
48414478,CCN(CC)C(=S)SCC(=C)Cl,0.9318141382538383
48414484,CC(=O)NC1=CC=C(C=C1)S(=O)(=O)C2=CC=C(C=C2)NC(=O)C,0.7772835288524167
48414487,CC=C(C)C(=O)OC1CCN2C1C(=CC2)COC(=O)C(C(C)C)(C(C)O)O,2.300162274132754
48414491,CCC(=C(C1=CC=CC=C1)C2=CC=C(C=C2)OCCN(C)C)C3=CC=CC=C3.C(C(=O)O)C(CC(=O)O)(C(=O)O)O,2.153044674980176
48414497,C(C=CCl)Cl,0.0721165896692931
48414497,C(C=CCl)Cl,0.0721165896692931
48414500,CC(C)(C)NCC(C1=CC(=CC(=C1)O)O)O,-0.2600713879850748
48414501,C1=CC(=C(C=C1C2=CC(=C(C=C2)N)N)N)N.Cl.Cl.Cl.Cl,-0.04139268515822507
48414504,C1=C2C(=CC(=C1Cl)Cl)OC3=CC(=C(C=C3O2)Cl)Cl,7.136677139879544
48414508,C(=C(Cl)Cl)(Cl)Cl,0.05848856736559696
48414513,C(C(F)(F)F)F,-2.4668676203541096
48414514,C(=C(F)F)(F)F,-0.029383777685209667
48414515,C1CCON(C1)N=O,0.679853713888946
48414517,C1CCOC1,-0.7512791039833423
48414523,C([N+](=O)[O-])([N+](=O)[O-])([N+](=O)[O-])[N+](=O)[O-],2.642065152999546
48414528,C1CN1P(=S)(N2CC2)N3CC3,3.0619809025237896
48414529,CC(=S)N,0.8153085691824012
48414533,C1=CC(=CC=C1N)SC2=CC=C(C=C2)N,1.764471553092451
48414534,C1C(C(OC1N2C=NC3=C2NC(=NC3=S)N)CO)O,2.130181792020672
48414536,C1=CNC(=S)NC1=O,1.0319842860063582
48414537,C(=S)(N)N,-0.11058971029924897
48414549,CC1=CC=CC=C1,-1.5211380837040362
48414550,CC1=C(C=C(C=C1)N=C=O)N=C=O,0.712198270069774
48414551,CC1=CC=CC=C1S(=O)(=O)N,-1.3636119798921444
48414553,CC1=CC=CC=C1N.Cl,0.5171264163912462
48414559,C1CN1C2=CC(=O)C(=C(C2=O)N3CC3)N4CC4,4.661543506395395
48414560,CC1(OC2CC3C4CCC5=CC(=O)C=CC5(C4(C(CC3(C2(O1)C(=O)CO)C)O)F)C)C,3.9136401693252516
48414563,C(Br)(Br)Br,-0.4082399653118496
48414564,CCCCOP(=O)(OCCCC)OCCCC,0.1444808443321999
48414565,CCCCCCCC(=O)OCC(COC(=O)CCCCCCC)OC(=O)CCCCCCC,-1.0681858617461617
48414572,C(=C(Cl)Cl)Cl,-0.7058637122839193
48414572,C(=C(Cl)Cl)Cl,-0.7058637122839193
48414576,C1=C(C=C(C(=C1Cl)O)Cl)Cl,-0.31175386105575426
48414580,C(C(CCl)Cl)Cl,2.0381045263321496
48414584,C1=C(OC(=C1)[N+](=O)[O-])C2=CSC(=N2)NC(=O)C(F)(F)F,1.6556077263148892
48414588,CC1=CC(=C(C=C1C)N)C,0.6038006529042637
48414589,CC1=CC(=C(C=C1C)N)C.Cl,0.24108810760202648
48414590,CC1=CC(=C(C(=C1)C)N)C.Cl,1.5214335044061567
48414591,C[As](=O)(C)C,0.7520267336381934
48414592,CC1=CC(=C(C=C1)C)C,-1.5587085705331658
48414594,CNC(=S)N(C)C,0.6615435063953952
48414597,C(C(CO[N+](=O)[O-])O[N+](=O)[O-])O[N+](=O)[O-],0.09366495819490933
48414601,C(CCl)OP(=O)(OCCCl)OCCCl,0.5171264163912462
48414603,C(C(CBr)Br)OP(=O)(OCC(CBr)Br)OCC(CBr)Br,2.260427655549908
48414604,C(C(CCl)OP(=O)(OC(CCl)CCl)OC(CCl)CCl)Cl,0.9665762445130504
48414608,CC1=C(N=C(C2=C1NC3=CC=CC=C32)C)N.CC(=O)O,2.673664139071249
48414609,CC1=C2C3=CC=CC=C3NC2=CC(=N1)N.CC(=O)O,1.586700235918748
48414616,C1=CNC(=O)NC1=O,-0.7774268223893114
48414619,CCOC(=O)N,0.3334820194451191
48414623,CC(=O)OC=C,-0.5976951859255123
48414624,C=CBr,0.7619538968712046
48414626,C=CCl,1.0096611452123985
48414627,C=CF,0.3625102704874893
48414632,C=CN1CCCC1=O,0.9665762445130504
48414633,CCN(CC1=CC(=CC=C1)S(=O)(=O)[O-])C2=CC=C(C=C2)C(=C3C=CC(=[N+](C)C)C=C3)C4=CC=C(C=C4)N(CC)CC5=CC(=CC=C5)S(=O)(=O)[O-].[Na+],0.0788339493622613
48414639,CC1=CC(=CC=C1)C,-1.4668676203541096
48414639,CC1=CC(=CC=C1)C,-1.4668676203541096
48414642,CC1=CC(=C(C=C1)C)N.Cl,0.015922966097169238
48414643,CC1=CC(=NNC2=CC=C(C=C2)NC(=O)C)C(=O)C=C1,-0.14921911265537988
48414657,CN(C)C(=S)[S-].CN(C)C(=S)[S-].[Zn+2],0.8761483590329142
48414658,C(CNC(=S)[S-])NC(=S)[S-].[Zn+2],0.03385826726096737
